cod,seguradora,ativo_total,ativo_circ,ativo_nao,passivo_total,passivo_circ,passivo_nao,receitas,despesas,pl,provisoes_hospitalares,despesas_emp,ativo_nivel,receitas_nivel,despesas_emp_nivel,beneficiarios
27,salutar saúde seguradora s.a.     ,82.16,26.17,55.99,82.16,63.97,4.91,106.24,116.95,13.28,44.9,2.55,n4,n5,n3,20638
477,sompo saúde seguros s.a.          ,350.91,152.35,198.56,350.91,107.69,45.33,551.97,527.71,197.88,87.62,18.09,n4,n5,n5,96681
515,allianz saúde s/a                 ,352.33,114.05,238.28,352.33,102.92,37.89,428.14,417.25,211.52,84.0,13.29,n4,n5,n5,37629
582,porto seguro - seguro saúde s/a   ,925.89,346.99,578.91,925.89,303.11,211.34,1466.75,1366.51,411.44,235.84,27.09,n4,n6,n5,247437
701,unimed seguros saúde s/a          ,1359.81,980.23,379.58,1359.81,499.64,128.92,2511.49,2310.96,731.25,416.36,60.29,n4,n6,n5,485613
884,itauseg saúde s.a.                ,1890.07,412.68,1477.39,1890.07,265.94,867.49,414.52,274.85,756.63,232.01,2.98,n4,n5,n3,10404
5711,bradesco saúde s.a.               ,19311.86,4222.74,15089.11,19311.86,6986.63,4470.02,23498.36,21897.5,7855.21,6188.94,172.34,n4,n6,n6,3339866
6246,sul america companhia de seguro sa,10873.27,5839.35,5033.91,10873.27,3562.45,1539.63,16571.13,15180.53,5771.19,2968.11,207.57,n4,n6,n6,1771013
300012,cemil centro medico de itu ltda.  ,10.03,7.67,2.37,10.03,4.03,0.39,20.28,18.53,5.61,3.5,0.47,n3,n4,n1,9349
300136,unimed litoral sul/rs - cooperativ,47.55,27.75,19.8,47.55,17.48,11.13,96.43,96.39,18.94,9.21,4.66,n3,n4,n3,28295
300713,unimed de assis cooperativa de tra,41.59,32.13,9.46,41.59,19.82,5.48,97.45,91.44,16.28,15.1,3.15,n3,n4,n3,24154
301060,unimed ituiutaba cooperativa traba,29.43,24.33,5.09,29.43,12.09,4.02,52.44,49.9,13.32,10.11,1.71,n3,n4,n2,17800
301124,unimed gurupi cooperativa de traba,30.42,20.32,10.1,30.42,18.07,4.78,38.41,36.52,7.57,6.06,0.84,n3,n4,n1,10160
301574,unimed de limeira cooperativa de t,76.93,39.39,37.53,76.93,23.42,5.67,201.45,191.72,47.83,9.15,6.31,n4,n5,n4,46144
301728,prontomed planos de saúde ltda    ,23.8,22.56,1.24,23.8,9.85,0.0,41.62,33.31,13.95,8.23,1.01,n3,n4,n2,30552
301744,unimed joaçaba cooperativa de trab,40.53,34.42,6.11,40.53,7.85,20.64,46.71,42.09,12.04,5.37,1.22,n3,n4,n2,15382
302091,são francisco sistemas de saúde so,534.64,266.47,268.17,534.64,216.48,41.15,1326.93,1202.99,277.01,109.88,66.99,n4,n6,n5,630900
302147,prevent senior private operadora d,1164.85,705.93,458.93,1164.85,493.8,84.64,2947.93,2433.43,586.41,244.28,66.55,n4,n6,n5,409213
302228,unimed vale do corumbá cooperativa,6.29,4.63,1.66,6.29,2.09,1.3,10.43,9.26,2.9,1.48,0.38,n2,n4,n1,7568
302490,prontomed novo hamburgo ltda.     ,3.37,2.52,0.86,3.37,1.96,0.22,11.3,10.75,1.2,1.04,0.98,n2,n4,n1,7073
302953,unimed de macaé cooperativa de ass,188.29,100.56,87.73,188.29,66.08,29.1,435.01,403.88,93.11,22.37,9.39,n4,n5,n4,76656
303178,unimed de sobral sociedade coopera,33.74,19.57,14.17,33.07,12.01,0.87,66.27,65.44,20.19,9.04,2.29,n3,n4,n3,16259
303267,unimed jundiai - cooperativa de tr,148.06,88.73,59.32,148.06,59.18,18.56,356.15,341.84,70.32,35.62,6.7,n4,n5,n4,98207
303356,unimed litoral cooperativa de trab,248.82,97.85,150.97,248.82,64.41,69.39,388.72,388.31,115.02,21.89,5.1,n4,n5,n4,61933
303623,centro trasmontano de sao paulo   ,306.19,155.24,150.95,306.19,88.13,12.67,508.14,463.51,205.39,77.38,15.72,n4,n5,n5,89025
303739,sermed-saúde ltda.                ,40.53,21.29,19.24,40.53,16.38,1.88,120.06,114.23,22.27,11.54,2.52,n3,n5,n3,59589
303844,unimed de andradina - cooperativa ,21.82,14.52,7.3,21.82,11.32,5.42,76.25,77.46,5.08,7.6,2.35,n3,n4,n3,21350
303976,unimed de belém cooperativa de tra,520.87,374.88,145.99,520.87,233.61,72.4,1235.08,1183.0,214.86,159.62,25.25,n4,n6,n5,270017
304051,unimed montes claros cooperativa d,52.35,36.95,15.4,52.35,23.83,11.84,89.71,85.79,16.69,18.26,1.97,n4,n4,n2,43024
304123,unimed de avaré cooperativa de tra,31.08,22.19,8.88,31.08,8.75,3.67,55.46,48.54,18.66,5.44,3.31,n3,n4,n3,15277
304131,associação beneficente de assistên,5.49,5.25,0.24,6.8,3.45,0.0,24.51,25.83,3.35,3.26,0.76,n2,n4,n1,2117
304212,centro clinico nh ltda.           ,2.88,0.48,2.39,2.88,0.69,0.49,2.69,2.42,1.7,0.12,0.2,n2,n2,n1,1709
304344,unimed pará de minas cooperativa d,36.13,25.66,10.48,36.13,9.82,6.09,50.51,44.76,20.22,7.75,1.58,n3,n4,n2,20825
304395,unimed inconfidentes cooperativa d,37.04,25.29,11.75,37.04,12.43,1.16,64.45,64.07,23.46,9.79,2.26,n3,n4,n3,18146
304468,unimed barra do garças - cooperati,45.53,41.01,4.52,45.53,15.23,6.72,61.04,51.74,23.59,9.48,1.87,n3,n4,n2,17436
304531,ame-assistência médica a empresas ,11.69,3.21,8.48,11.69,3.58,4.74,17.19,17.29,3.37,1.38,1.24,n3,n4,n2,18991
304701,unimed curitiba - sociedade cooper,1257.11,990.34,266.77,1257.11,518.79,246.95,2565.58,2492.73,491.37,411.55,46.63,n4,n6,n5,505342
304883,unimed de botucatu cooperativa de ,118.45,32.94,85.5,118.45,26.9,21.49,166.69,151.65,70.05,8.56,5.53,n4,n5,n4,41429
305227,unimed do oeste do paraná - coop. ,35.94,22.11,13.82,35.94,12.07,9.86,71.51,69.09,14.0,7.83,3.13,n3,n4,n3,22751
305472,unimed regional sul goias coop. de,48.58,27.67,20.91,48.58,14.59,15.59,77.77,75.34,18.39,7.54,3.52,n3,n4,n3,28299
305626,prontoclinica e hospitais sao luca,17.98,7.91,10.07,17.98,7.27,4.22,28.49,27.82,6.49,6.08,0.92,n3,n4,n1,13355
305995,good life saude ltda              ,10.29,6.23,4.07,10.29,8.61,2.39,23.06,26.83,-0.71,6.59,1.03,n3,n4,n2,14448
306045,santa casa de misericórdia de tupã,33.48,8.21,25.27,33.48,9.78,7.89,40.02,39.59,15.81,2.76,1.32,n3,n4,n2,2713
306100,unimed regional de campo mourão co,45.06,33.32,11.74,45.06,24.17,1.14,80.32,78.05,19.75,17.37,4.0,n3,n4,n3,27288
306126,unimed de rio claro sp cooperativa,82.77,44.62,38.15,82.77,24.94,21.18,149.34,144.81,36.65,8.76,5.47,n4,n5,n4,38054
306398,unimed - cooperativa de serviços d,248.52,130.43,118.09,248.52,90.13,43.66,413.99,404.78,114.73,59.38,16.13,n4,n5,n5,155243
306444,plasac plano de saúde ltda        ,20.58,17.05,3.53,20.58,9.2,2.69,48.76,45.82,8.69,8.06,2.53,n3,n4,n3,9895
306649,serpram-serv.de prest.de assistênc,31.74,22.66,9.08,25.18,12.59,3.43,93.01,83.63,9.16,11.19,2.97,n3,n4,n3,53594
306754,associação dos funcionários do fis,22.26,13.95,8.3,22.26,8.6,1.87,36.16,36.52,11.79,6.01,2.27,n3,n4,n3,6616
306762,unimed regional jau - cooperativa ,124.1,86.18,37.92,124.1,24.37,53.99,163.8,144.86,45.74,17.86,4.73,n4,n5,n3,28170
306886,unimed juiz de fora cooperativa de,313.37,139.28,174.1,313.37,115.41,72.53,513.33,475.9,125.43,75.97,14.37,n4,n5,n5,116637
306959,unimed alto uruguai/rs - cooperati,7.84,6.11,1.74,7.84,3.55,0.73,18.29,18.23,3.56,1.74,0.62,n2,n4,n1,4291
307319,caixa de assistência dos empregado,493.12,460.59,32.54,493.12,33.87,1.2,237.52,180.39,458.05,25.09,7.98,n4,n5,n4,39974
307751,fundaçao compesa de previdencia e ,88.76,85.11,3.65,88.76,15.58,0.73,69.51,63.97,72.45,13.78,2.7,n4,n4,n3,9306
308005,irmandade da santa casa de miseric,13.68,5.99,7.69,14.15,6.34,4.56,32.04,32.51,3.25,1.76,8.45,n3,n4,n4,3718
308811,unimed vale do piquiri-cooperativa,17.67,12.08,5.59,17.67,5.15,0.59,29.98,25.43,11.93,2.94,0.92,n3,n4,n1,7907
309028,associação dos servidores municipa,18.09,15.82,2.26,18.09,4.52,0.0,59.97,57.07,13.57,2.74,4.96,n3,n4,n3,38551
309087,unimed barbacena - cooperativa de ,39.79,26.07,13.72,39.79,16.97,7.62,72.57,70.43,15.2,11.06,2.64,n3,n4,n3,22930
309192,samed - serviços de assistência mé,78.38,41.78,36.6,78.38,36.37,46.45,177.07,215.9,-4.44,24.0,4.42,n4,n5,n3,82479
309222,grupo hospitalar do rio de janeiro,584.54,488.36,96.17,584.54,311.99,58.93,1479.59,1375.94,213.62,264.61,42.96,n4,n6,n5,459391
309338,hospital regional de franca s/a   ,43.05,22.49,20.56,43.05,16.81,7.86,109.15,105.63,18.39,7.05,1.79,n3,n5,n2,38470
309362,fundação de previdência dos empreg,44.81,41.05,3.75,44.81,11.33,25.95,46.53,42.64,7.53,6.01,2.32,n3,n4,n3,4183
309524,unimed de monte alto - cooperativa,11.45,9.7,1.75,10.68,5.91,1.66,27.35,26.57,3.11,4.64,0.62,n3,n4,n1,6867
310131,unimed planalto - cooperativa de t,19.24,18.6,0.65,19.24,13.81,0.1,46.36,44.81,5.34,9.43,1.21,n3,n4,n2,11943
310239,cmi - clinica de medicina integrad,0.81,0.77,0.04,0.81,0.5,0.08,2.47,2.3,0.23,0.26,0.51,n1,n2,n1,518
310247,circulo operario caxiense         ,169.96,52.98,116.98,169.96,46.32,39.02,266.51,252.96,84.63,17.99,8.17,n4,n5,n4,83461
310361,centro barbacenense de assistência,33.46,20.9,12.56,33.46,21.79,17.05,46.63,46.58,-5.37,0.76,1.84,n3,n4,n2,2289
311057,unimed vale do urucuia - cooperati,4.16,3.8,0.35,4.16,1.25,0.02,12.37,11.69,2.89,0.77,0.31,n2,n4,n1,4042
311146,unimed costa verde rj             ,33.81,17.46,16.35,33.81,18.39,2.02,45.5,41.21,13.41,11.36,1.55,n3,n4,n2,12002
311294,unimed de ourinhos - cooperativa d,49.37,41.24,8.14,49.37,18.97,6.8,121.97,118.23,23.61,11.36,3.66,n3,n5,n3,29753
311359,fundação de saúde itaiguapy       ,89.39,54.6,34.79,89.39,35.07,4.22,268.21,248.71,50.09,3.58,0.54,n4,n5,n1,25226
311375,unimed pelotas/rs - cooperativa de,104.65,36.6,68.06,104.65,42.36,36.32,172.36,170.82,25.97,16.02,5.82,n4,n5,n4,32649
311405,sms - assistência médica ltda     ,36.68,16.4,20.28,36.68,25.25,13.78,12.37,20.13,-2.35,15.13,0.08,n3,n4,n1,5287
311472,ceam brasil - planos de saúde s/a ,3.18,1.78,1.4,3.18,1.3,0.01,5.31,4.82,1.87,1.14,0.2,n2,n3,n1,2642
311499,fundação beneficente rio doce     ,32.82,16.23,16.58,32.82,20.77,24.63,85.22,88.1,-12.58,1.56,17.12,n3,n4,n5,6096
311618,unimed missões/rs - cooperativa de,59.71,29.38,30.34,59.71,16.89,12.28,120.01,115.44,30.54,6.41,3.39,n4,n5,n3,20447
311715,unimed encosta da serra/rs socieda,49.7,26.97,22.72,49.7,18.19,14.03,96.28,94.04,17.48,11.27,4.24,n3,n4,n3,35972
311847,unimed regional da baixa mogiana -,127.1,94.96,32.14,127.1,37.99,31.03,302.76,288.91,58.09,29.03,4.98,n4,n5,n3,84608
311944,unimed de adamantina-cooperativa d,13.21,11.11,2.1,13.21,4.09,1.49,22.85,20.14,7.63,2.85,0.95,n3,n4,n1,5090
312126,fundação saúde itaú               ,568.43,536.53,31.9,568.43,357.19,39.46,1279.64,1245.43,171.78,239.96,1.1,n4,n6,n2,163803
312282,intermedici piracicaba assistencia,8.68,7.36,1.32,8.68,6.6,0.77,35.65,34.31,1.31,6.13,1.28,n2,n4,n2,8687
312347,unimed anápolis cooperativa de tra,81.96,56.04,25.92,81.96,40.18,7.25,120.94,112.94,34.52,17.9,5.51,n4,n5,n4,32508
312363,unimed do est. do rj federação est,127.82,85.87,41.95,127.82,79.3,30.64,48.99,47.76,17.88,2.42,11.68,n4,n4,n5,5
312592,unimed norte fluminense cooperativ,44.23,31.83,12.4,44.23,26.97,1.57,125.42,124.48,15.7,21.03,5.11,n3,n5,n4,19983
312720,unimed do estado do paraná federaç,228.53,159.95,68.58,228.53,94.26,8.44,154.67,130.46,125.83,60.3,27.72,n4,n5,n5,152110
312851,unimed campo grande ms cooperativa,430.35,236.7,193.65,430.35,107.84,152.89,692.01,670.88,169.62,59.47,16.12,n4,n5,n5,105722
313084,cooperativa de trabalho medico de ,21.29,14.79,6.5,21.29,10.51,2.99,37.32,35.31,7.79,5.79,1.34,n3,n4,n2,12159
313149,unimed de batatais - cooperativa d,20.18,13.78,6.4,20.18,3.36,0.85,19.55,14.11,15.97,1.94,1.01,n3,n4,n2,6182
313211,unimed vale do caí/rs - cooperativ,55.21,29.92,25.3,55.21,23.0,4.61,119.61,113.1,27.6,8.94,1.67,n4,n5,n2,28234
313475,unimed regional de picos - coopera,12.36,10.5,1.86,12.36,2.87,0.0,11.94,9.98,9.49,2.71,0.32,n3,n4,n1,1782
313904,fundação eletrobrás de seguridade ,28.16,22.7,5.47,28.16,19.41,1.94,97.8,100.04,6.82,7.06,3.53,n3,n4,n3,6962
313955,unimed alem paraiba cooperativa de,10.31,7.36,2.95,10.31,4.17,2.0,14.14,14.11,4.13,2.72,0.6,n3,n4,n1,3025
313971,federação das sociedades cooperati,65.16,44.88,20.27,65.16,43.69,12.88,145.92,142.27,8.59,21.49,6.16,n4,n5,n4,42077
314099,unimed vale do sepotuba - cooperat,48.53,39.04,9.49,48.53,22.17,2.83,101.96,99.49,23.53,14.23,3.13,n3,n5,n3,38539
314170,cooperativa de usuários assistênci,26.75,13.34,13.41,26.75,13.79,15.68,36.95,40.64,-2.73,12.44,1.65,n3,n4,n2,9198
314218,associação de beneficência e filan,264.21,131.26,132.95,264.21,93.67,13.88,558.64,508.37,156.67,61.45,12.91,n4,n5,n5,118107
314242,unimed de pirassununga cooperativa,9.43,7.26,2.17,9.43,3.91,0.33,24.38,23.49,5.19,3.3,0.74,n2,n4,n1,8267
314587,unimed viçosa - cooperativa de tra,23.54,18.91,4.62,23.54,7.48,5.31,33.44,31.09,10.74,5.46,1.14,n3,n4,n2,7596
314609,união saúde ltda.                 ,9.97,4.26,5.71,9.97,13.78,16.9,12.45,16.68,-20.7,7.05,0.53,n2,n4,n1,3063
314668,abertta saúde - associação benefic,147.69,64.94,82.75,147.69,28.39,7.56,112.41,108.58,111.74,11.16,6.98,n4,n5,n4,27754
314706,hospital césar leite              ,25.66,12.5,13.15,25.66,10.44,3.76,49.27,48.39,11.46,2.05,0.88,n3,n4,n1,9179
314781,unimed de dracena - cooperativa de,23.66,15.12,8.53,23.66,5.13,1.64,37.88,32.72,16.89,2.7,1.23,n3,n4,n2,7474
315044,fundação celesc de seguridade soci,89.44,85.48,3.96,89.44,14.86,5.41,20.61,26.46,69.16,13.31,2.03,n4,n4,n3,22095
315265,parana assistencia medica ltda    ,25.63,18.66,6.97,25.4,13.81,2.73,66.18,65.91,8.86,10.93,3.28,n3,n4,n3,22278
315478,fundação cesp                     ,913.72,793.49,120.23,913.72,198.84,105.47,757.31,725.16,609.42,155.33,15.9,n4,n5,n5,79715
315494,unimed noroeste de minas cooperati,15.1,13.0,2.1,15.1,3.29,0.63,30.17,26.05,11.18,2.61,1.5,n3,n4,n2,9319
315567,fundação affemg de assistência e s,79.91,48.9,31.01,79.91,15.66,0.53,103.9,100.11,63.72,10.53,3.51,n4,n5,n3,14997
315583,caixa de assistência dos empregado,50.95,18.89,32.06,47.54,13.03,8.36,45.06,41.65,26.16,12.45,1.09,n4,n4,n2,4671
315648,unimed cataguases cooperativa de t,16.45,12.69,3.76,16.45,5.7,1.52,28.27,26.95,9.23,4.14,0.94,n3,n4,n1,11074
315729,unimed de piracicaba sociedade coo,249.0,143.34,105.66,249.0,71.65,32.96,513.65,467.2,144.39,30.35,12.88,n4,n5,n5,141828
315796,unimed de presidente prudente coop,191.68,133.74,57.95,191.68,74.84,56.93,400.11,379.12,59.91,46.22,10.77,n4,n5,n5,96648
316148,unimed poços de caldas - soc. coop,88.42,54.05,34.36,88.42,20.3,5.04,160.83,151.29,63.09,7.57,4.56,n4,n5,n3,32611
316458,unimed regional de floriano - coop,11.16,9.53,1.63,11.16,2.6,0.42,17.42,16.26,8.14,1.95,0.61,n3,n4,n1,3573
316741,unimed do estado de mato grosso do,36.52,33.69,2.84,36.52,24.96,2.76,6.67,3.52,8.81,0.0,0.54,n3,n3,n1,1
316849,telos - fundação embratel de segur,15.64,14.86,0.78,15.64,6.4,3.05,67.24,66.07,6.19,0.0,0.39,n3,n4,n1,2862
316873,caixa de assistencia a saude da un,53.23,35.86,17.37,54.71,22.86,14.9,116.14,117.61,16.95,20.62,5.35,n4,n5,n4,24674
316881,unimed teofilo otoni cooperativa d,74.41,31.54,42.88,74.41,19.21,33.64,110.82,108.71,21.57,13.3,1.84,n4,n5,n2,37859
317012,cooperativa de trabalho médico do ,23.51,17.45,6.06,23.51,5.58,9.06,42.81,42.13,8.87,3.92,1.88,n3,n4,n2,17554
317144,unimed de fortaleza sociedade coop,980.27,539.24,441.03,980.27,406.47,238.09,2026.03,1951.42,335.7,247.68,44.66,n4,n6,n5,337475
317632,associação dos agentes fiscais de ,155.81,122.76,33.05,155.81,20.75,2.26,282.25,270.22,132.79,13.31,10.21,n4,n5,n5,19215
317896,unimed vertente do caparaó - coope,29.62,26.96,2.67,29.62,6.1,4.69,36.04,30.08,18.83,4.65,0.98,n3,n4,n1,12935
318035,unimed guaxupé cooperativa de trab,28.43,20.41,8.02,28.43,9.62,7.35,42.62,38.52,11.46,5.48,1.71,n3,n4,n2,15932
318213,cooperativa de trabalho medico reg,36.49,33.73,2.76,36.49,10.44,11.7,64.85,60.37,14.35,6.49,1.74,n3,n4,n2,17715
318299,beneficencia camiliana do sul     ,209.84,135.48,74.36,195.7,52.98,18.24,303.89,289.75,124.48,30.57,5.34,n4,n5,n4,62756
318388,unimed de são roque - cooperativa ,44.55,28.72,15.83,44.55,22.49,4.31,125.04,117.21,17.75,10.09,2.62,n3,n5,n3,33844
318477,operadora unicentral de planos de ,20.03,8.82,11.21,19.78,8.46,1.43,47.03,46.72,9.9,3.1,1.59,n3,n4,n2,11782
318566,unimed metropolitana do agreste - ,46.29,32.58,13.71,46.29,15.26,11.8,60.65,57.98,19.23,10.31,1.59,n3,n4,n2,17766
319121,unimed divinopolis - cooperativa d,212.91,150.52,62.38,152.72,53.19,53.47,362.42,300.13,46.06,44.47,9.79,n4,n5,n4,180024
319180,são domingos saúde- assistência mé,17.9,9.16,8.74,17.9,6.18,0.75,39.06,35.94,10.97,3.45,0.14,n3,n4,n1,12127
319384,unimed planalto médio- cooperativa,96.98,78.86,18.12,96.98,36.74,14.21,177.93,169.36,46.04,21.94,3.68,n4,n5,n3,28707
319422,irmandade da santa casa de miseric,66.77,31.42,35.34,66.77,26.37,25.07,187.55,180.41,15.32,3.18,46.94,n4,n5,n5,16796
319708,unimed santa maria/rs - cooperativ,135.14,108.87,26.28,135.14,49.35,29.59,309.0,298.57,56.21,23.41,7.07,n4,n5,n4,45412
319872,camim-clinica médica ltda         ,5.38,4.6,0.78,5.38,4.18,0.09,8.22,8.28,1.1,2.65,0.12,n2,n3,n1,32591
319996,unimed do estado de são paulo - fe,788.76,701.67,87.09,788.76,446.42,60.16,1728.04,1681.36,282.18,322.61,68.31,n4,n6,n5,539437
320251,unimed rio verde cooperativa traba,113.92,49.94,63.98,113.92,35.41,31.79,151.96,144.6,46.73,20.41,4.92,n4,n5,n3,50058
320510,atívia serviços de saúde s/a      ,33.1,27.21,5.89,33.1,19.21,6.62,54.99,55.22,7.27,7.28,1.4,n3,n4,n2,13975
320706,unimed sul capixaba cooperativa de,167.13,138.87,28.26,167.13,74.73,18.24,318.68,315.71,74.16,29.11,8.17,n4,n5,n4,80760
320838,unimed intrafederativa federação r,44.99,38.16,6.83,44.99,7.37,16.07,13.53,8.47,21.56,0.08,0.95,n3,n4,n1,455
320862,unimed de paranavaí cooperativa de,31.83,25.28,6.55,31.83,16.39,0.52,83.63,82.21,14.92,10.85,3.01,n3,n4,n3,22219
320897,unimed centro sul fluminense coope,33.22,22.53,10.69,33.22,19.17,3.16,64.52,62.28,10.89,12.69,2.42,n3,n4,n3,15148
321044,unimed joao pessoa - cooperativa d,285.68,201.8,83.89,285.68,151.54,21.25,811.19,772.5,112.9,86.46,18.27,n4,n5,n5,142141
321087,unimed marques de valença cooperat,41.25,27.26,13.99,41.25,15.8,0.73,42.15,40.43,24.72,11.0,1.29,n3,n4,n2,9518
321273,unimed de joinville cooperativa de,320.18,113.2,206.98,320.18,75.79,101.66,527.37,522.88,142.73,30.17,4.4,n4,n5,n3,91381
321338,ameron - assistência médica rondôn,19.48,13.88,5.59,19.48,10.85,1.38,47.34,48.06,7.24,8.52,1.66,n3,n4,n2,16276
321869,caixa de assistência dos servidore,112.5,91.17,21.33,112.5,89.4,6.73,281.27,283.82,16.36,54.55,11.16,n4,n5,n5,28250
321931,conferência são josé do avaí      ,109.23,58.14,51.09,109.23,26.46,4.07,199.64,200.96,78.7,1.26,0.32,n4,n5,n1,2100
321958,unimed do ceará - federação das so,106.64,78.41,28.23,115.01,38.13,8.86,238.74,246.24,68.03,23.99,9.93,n4,n5,n4,71839
322261,unimed de feira de santana coopera,82.89,46.25,36.64,82.89,29.19,28.93,177.15,167.48,24.77,18.19,2.68,n4,n5,n3,38627
322326,associação beneficente católica   ,38.6,25.37,13.22,38.6,19.7,15.72,63.13,65.98,3.18,2.88,13.62,n3,n4,n5,47176
322547,unimed angra dos reis cooperativa ,30.47,21.75,8.72,30.47,30.95,3.6,107.61,105.02,-4.08,12.26,2.88,n3,n5,n3,9290
322571,unimed guarapuava cooperativa de t,38.38,34.01,4.37,38.38,16.32,1.39,92.34,86.84,20.67,10.01,3.37,n3,n4,n3,29612
322831,unimed itajuba cooperativa de trab,30.99,23.45,7.55,30.99,12.66,1.73,91.61,86.79,16.6,6.61,1.86,n3,n4,n2,35444
323004,unimed de penapolis - cooperativa ,10.85,7.08,3.77,10.85,6.26,2.42,24.39,23.71,2.17,1.34,1.04,n3,n4,n2,4823
323055,unimed norte paulista - cooperativ,23.35,16.96,6.39,23.35,7.75,2.39,43.92,40.65,13.21,4.94,1.7,n3,n4,n2,17895
323080,geap autogestão em saúde          ,1842.63,1469.25,373.38,1842.63,1180.57,164.22,4214.11,3918.18,497.85,1073.58,111.18,n4,n6,n6,449331
323268,unimed vale do são francisco coope,118.81,58.23,60.58,118.81,54.02,17.32,218.19,202.53,47.47,32.51,4.01,n4,n5,n3,64073
323357,unimed cabo frio cooperativa traba,32.09,26.02,6.07,32.09,17.05,5.01,107.32,103.95,10.03,11.28,2.31,n3,n5,n3,6629
323811,assistencia medico hospitalar sao ,46.07,24.93,21.14,46.07,32.88,10.7,156.92,174.49,2.5,13.14,18.03,n3,n5,n5,66354
323926,unimed são joão del rei - cooperat,45.51,32.65,12.86,45.51,9.89,10.36,69.38,59.13,25.26,5.98,2.27,n3,n4,n3,23203
323942,fundação filantrópica e beneficent,29.61,13.73,15.88,29.61,13.31,7.17,102.97,100.76,9.14,4.52,0.41,n3,n5,n1,14242
323993,unimed petropolis-rj cooperativa d,114.87,33.38,81.49,114.87,54.1,114.7,260.44,248.42,-53.94,33.26,4.2,n4,n5,n3,34160
324159,unimed alta mogiana cooperativa de,34.99,17.8,17.18,34.99,10.48,7.23,47.23,44.18,17.28,7.52,1.95,n3,n4,n2,17919
324175,unimed sudoeste de minas cooperati,22.33,12.29,10.04,22.33,5.83,6.26,37.52,37.31,10.25,3.04,1.02,n3,n4,n2,8498
324213,unimed norte/nordeste-federação in,333.77,204.71,129.06,333.77,164.63,55.82,529.44,454.46,113.32,45.31,8.31,n4,n5,n4,54952
324299,plamer plano medico resende ltda  ,11.31,8.84,2.47,11.31,6.65,0.81,33.26,32.7,3.85,6.13,0.42,n3,n4,n1,13420
324345,unimed costa do descobrimento coop,36.28,33.72,2.56,36.28,16.58,1.02,79.73,78.26,18.68,13.05,3.1,n3,n4,n3,24661
324361,caixa de assistência à saúde - cab,175.41,104.13,71.28,175.41,78.16,9.63,299.35,266.36,87.62,67.33,14.5,n4,n5,n5,21745
324477,caixa de previdência e assistência,113.4,107.71,5.69,113.4,138.46,5.82,572.57,585.36,-30.89,125.37,30.42,n4,n5,n5,61619
324493,s.p.a saude- sistema de promoção a,65.96,50.67,15.29,65.96,20.98,15.14,68.38,68.13,29.84,17.57,3.74,n4,n4,n3,19249
324523,unimed paraiba - federaçao das soc,4.86,2.97,1.88,4.86,0.88,0.05,3.0,2.93,3.92,0.29,0.29,n2,n2,n1,1637
324566,unimed de catalão cooperativa de t,26.26,15.93,10.33,26.26,13.63,5.21,60.4,58.26,7.42,8.08,2.54,n3,n4,n3,17739
325031,unimed de lençois paulista - coope,29.45,20.17,9.28,29.45,13.23,6.28,37.87,36.61,9.93,9.13,2.3,n3,n4,n3,20023
325074,green line sistema de saúde s.a   ,566.06,161.41,404.65,566.06,165.29,117.01,1093.74,1109.54,283.76,114.06,31.33,n4,n6,n5,461958
325082,unimed do oeste da bahia cooperati,24.41,23.06,1.34,24.41,6.09,8.29,21.44,19.34,10.02,4.03,0.63,n3,n4,n1,7730
325236,assistência médica são miguel ltda,16.66,9.8,6.86,16.66,7.84,1.91,40.56,39.68,6.91,6.82,1.82,n3,n4,n2,22859
325465,ampara assistência médica paraíso ,15.84,12.55,3.29,15.84,5.64,0.65,29.9,28.56,9.54,3.97,0.9,n3,n4,n1,9620
325571,unimed nordeste rs sociedade coope,489.13,201.37,287.76,489.13,173.75,126.77,826.37,814.25,188.62,89.16,24.56,n4,n5,n5,199111
326089,unimed de fernandopolis - cooperat,17.16,10.38,6.78,17.16,6.27,3.8,39.61,39.47,7.09,3.84,0.7,n3,n4,n1,7061
326305,amil assistência médica internacio,16582.14,3879.38,12702.76,16582.14,3693.8,1318.2,20809.66,20778.22,11570.14,2804.75,485.12,n4,n6,n6,3477691
326500,sobam centro médico hospitalar s.a,100.17,58.66,41.52,100.17,43.02,27.28,298.48,291.91,29.87,22.74,10.04,n4,n5,n5,106253
326861,promédica - proteção medica a empr,106.61,50.85,55.76,106.61,48.42,16.11,297.41,295.36,42.09,15.65,6.02,n4,n5,n4,70627
327328,casa de saúde nossa senhora de fát,1.05,0.79,0.26,0.91,0.19,0.03,2.48,2.31,0.69,0.11,0.4,n2,n2,n1,277
327352,unimed são sebastião do paraíso co,28.92,15.97,12.95,28.92,6.28,1.66,35.21,30.84,20.99,3.95,2.27,n3,n4,n3,6225
327417,austaclinicas assistência médica e,53.78,36.55,17.23,53.78,22.12,4.72,174.38,168.25,26.94,17.57,5.8,n4,n5,n4,65810
327468,unimed de itapeva - cooperativa de,26.25,11.23,15.02,26.25,5.71,0.46,24.81,24.17,20.08,3.24,1.14,n3,n4,n2,10125
327557,caixa assistencial e beneficente d,53.29,49.44,3.85,54.6,5.1,0.01,10.84,12.14,49.49,4.36,1.39,n4,n4,n2,10530
327638,unimed são joão nepomuceno coopera,7.84,5.64,2.2,7.84,1.93,1.41,8.14,6.77,4.5,1.21,0.38,n2,n3,n1,6248
327689,unimed maceio cooperativa de traba,319.16,248.44,70.72,319.16,155.4,60.36,681.53,663.47,103.4,120.95,14.44,n4,n5,n5,124222
328073,unimed de votuporanga - cooperativ,31.09,20.98,10.11,31.09,10.56,4.72,63.5,59.04,15.81,7.66,1.42,n3,n4,n2,9008
328294,unimed nordeste paulista - fed. in,139.05,91.15,47.9,139.05,49.07,45.5,80.58,70.44,44.49,12.04,4.78,n4,n4,n3,42525
328308,unimed de mococa cooperativa de tr,20.45,14.26,6.19,20.45,4.78,4.7,24.98,21.29,10.97,3.44,0.68,n3,n4,n1,12166
328375,unimed região da fronteira - rs co,16.68,10.79,5.88,16.68,6.17,2.58,26.02,25.21,7.93,2.98,1.48,n3,n4,n2,4461
328537,med-tour administradora de benefíc,47.58,23.17,24.4,47.58,19.3,4.44,109.19,105.94,23.84,16.73,3.23,n3,n5,n3,40512
328596,unimed uruguaiana/rs cooperativa d,22.11,10.77,11.35,22.11,7.08,10.81,29.1,28.23,4.23,3.66,1.31,n3,n4,n2,7859
329339,unimed de criciúma cooperativa de ,110.17,52.14,58.03,110.17,38.23,20.85,228.42,222.94,51.09,17.07,6.57,n4,n5,n4,63870
329355,irmandade de misericordia de porto,24.72,11.57,13.15,24.72,8.54,3.15,45.23,42.89,13.03,3.09,0.56,n3,n4,n1,12902
329886,unimed de jaboticabal coop. de tra,67.99,18.84,49.14,67.99,16.75,35.13,79.96,77.42,16.1,8.8,3.33,n4,n4,n3,29679
330027,caixa de assistência a saúde da un,25.17,24.44,0.72,25.17,3.02,0.01,31.75,28.56,22.13,2.9,0.61,n3,n4,n1,6471
330108,unimed curvelo cooperativa de trab,45.95,39.37,6.58,45.95,15.66,2.64,68.52,63.22,27.65,10.99,2.03,n3,n4,n3,33711
330116,santa casa de misericórdia de votu,72.94,31.18,41.76,68.03,37.94,26.58,194.69,189.78,3.51,7.25,56.36,n4,n5,n5,14260
330264,unimed de barra mansa soc. coop. s,47.76,37.09,10.67,47.76,25.38,0.95,137.55,132.88,21.43,18.94,3.65,n3,n5,n3,21678
330281,associação dos auditores fiscais d,11.57,9.48,2.09,11.57,3.43,0.01,37.77,36.5,8.14,2.1,2.31,n3,n4,n3,3986
330566,unimed resende cooperativa de trab,61.88,22.61,39.26,61.88,25.04,14.54,123.21,121.44,22.29,16.21,2.93,n4,n5,n3,17381
330892,sociedade divina providência - saú,16.07,15.9,0.17,16.07,3.62,0.19,12.68,11.65,12.26,2.37,0.76,n3,n4,n1,11441
331317,real grandeza - fundação de previd,211.63,185.91,25.72,211.63,63.08,27.23,426.33,411.59,121.32,44.7,13.95,n4,n5,n5,58735
331341,unimed de bebedouro cooperativa de,82.94,64.33,18.61,82.94,34.33,6.71,127.52,122.76,41.9,24.21,4.55,n4,n5,n3,43887
331651,unimed araxá cooperativa de trabal,82.55,29.1,53.45,82.55,14.51,6.47,87.49,83.08,61.57,7.75,2.16,n4,n4,n3,24308
331856,caixa de assistencia medica dos ex,2.48,1.04,1.43,2.48,0.13,1.13,3.85,3.69,1.22,0.02,0.1,n2,n2,n1,314
331872,unimed sao jose dos campos - coope,206.65,147.8,58.84,206.65,106.75,19.28,469.34,449.29,80.62,57.91,17.95,n4,n5,n5,101656
331988,pasa - plano de assistencia a saud,225.78,186.67,39.11,225.78,123.57,33.53,422.0,416.33,68.68,113.08,22.42,n4,n5,n5,49307
333051,unimed de guarulhos cooperativa de,132.42,63.7,68.71,132.42,63.64,27.21,327.23,332.58,41.57,36.41,4.78,n4,n5,n3,88967
333328,associação pró-saúde              ,5.9,4.56,1.33,4.68,3.29,0.3,19.82,18.6,1.09,1.61,0.87,n2,n4,n1,6611
333662,unimed de dourados cooperativa de ,110.51,93.11,17.4,110.51,43.2,24.71,203.07,199.08,42.61,34.87,4.78,n4,n5,n3,39203
333689,mediservice operadora de planos de,623.07,582.72,40.35,623.07,221.44,17.03,1494.45,1458.75,384.61,174.36,2.86,n4,n6,n3,226566
333808,irmandade de misericórdia do hospi,20.46,11.77,8.69,20.46,10.08,1.71,50.78,46.81,8.68,3.05,3.52,n3,n4,n3,12028
333867,associaçao unisaude marau         ,15.7,15.43,0.28,15.7,1.59,0.09,10.64,10.13,14.02,1.45,0.32,n3,n4,n1,4677
333875,irmandade da santa casa de miseric,115.5,63.52,51.98,115.5,57.58,22.7,202.62,200.98,35.22,6.66,47.86,n4,n5,n5,9233
334154,unimed de caçapava - cooperativa d,59.24,31.44,27.8,59.24,19.62,15.46,72.08,65.68,24.16,8.63,2.1,n4,n4,n3,15036
334511,unimed vale do paraíba - federação,8.45,5.76,2.69,8.45,2.6,0.24,12.66,11.32,5.61,0.57,0.65,n2,n4,n1,252
334561,unimed blumenau - cooperativa de t,197.34,119.81,77.53,197.34,67.68,38.9,416.16,391.25,90.76,31.42,12.56,n4,n5,n5,98814
334847,unimed de jataí cooperativa de tra,21.14,11.6,9.54,21.14,4.87,4.46,26.66,25.18,11.8,2.22,0.76,n3,n4,n1,6943
335100,unimed sao josé do rio preto - coo,360.84,282.57,78.27,360.84,119.29,75.76,932.43,868.34,165.79,68.18,23.77,n4,n5,n5,169986
335215,unimed araruama cooperativa de tra,51.14,34.5,16.64,51.14,24.54,4.94,122.68,115.86,21.65,18.13,2.77,n4,n5,n3,19073
335479,unimed nova friburgo-soc.coop.serv,124.7,78.69,46.01,124.7,85.48,21.51,274.98,283.26,17.72,64.46,4.25,n4,n5,n3,86878
335517,unimed itabira cooperativa de trab,33.99,16.84,17.15,33.99,10.73,5.49,53.22,47.31,17.77,9.14,1.89,n3,n4,n2,18040
335541,"unimed vale das antas, rs - cooper",25.5,18.56,6.93,25.5,8.83,7.32,48.65,47.08,9.35,5.44,1.64,n3,n4,n2,16983
335592,unimed natal soc. coop. de trab. m,427.98,309.17,118.81,427.98,131.44,91.82,709.95,631.32,204.72,78.72,19.62,n4,n5,n5,151380
335614,samedil serviços de atendimento mé,119.23,97.61,21.62,119.23,42.85,3.84,193.86,130.77,72.54,27.03,5.03,n4,n5,n4,24487
335657,advance planos de saúde ltda      ,16.2,14.69,1.51,16.2,5.64,1.04,37.01,36.27,9.52,5.21,0.71,n3,n4,n1,3136
335690,unimed campinas - cooperativa de t,767.68,482.53,285.14,767.68,349.9,83.7,2427.68,2358.33,334.08,204.84,66.32,n4,n6,n5,567795
335754,associação dos servidores fiscais ,45.03,40.94,4.09,45.03,6.73,0.01,64.26,64.25,38.29,5.81,1.71,n3,n4,n2,6262
336106,unimed de marilia cooperativa de t,120.96,91.74,29.21,120.96,51.15,12.82,273.37,258.57,56.99,26.69,7.09,n4,n5,n4,79834
336165,fundação sabesp de seguridade soci,154.67,147.56,7.12,154.67,79.58,24.23,413.79,435.48,50.86,72.41,6.95,n4,n5,n4,42993
336467,unimed patos - cooperativa de trab,21.09,19.19,1.9,21.09,5.24,0.64,17.03,13.66,15.21,4.2,0.39,n3,n4,n1,2598
336831,irmandade santa casa de misericórd,87.26,48.46,38.8,87.26,34.8,16.13,176.78,169.01,36.34,13.95,1.79,n4,n5,n2,34018
336858,unimed francisco beltrao cooperati,32.52,28.52,4.0,32.52,11.93,1.79,61.77,56.26,18.8,7.47,1.29,n3,n4,n2,18163
337188,cooperativa de trabalho médico de ,117.82,73.4,44.41,117.82,29.63,35.66,195.17,171.08,52.52,20.04,5.88,n4,n5,n4,66393
337374,unimed rondônia - cooperativa de t,100.55,79.54,21.01,100.55,53.97,10.89,251.61,244.62,35.7,26.85,13.56,n4,n5,n5,34365
337498,unimed três rios cooperativa de tr,28.84,25.91,2.93,28.84,12.12,1.52,65.63,59.08,15.2,9.26,1.7,n3,n4,n2,15477
337510,medplan assistência medica ltda.  ,56.35,53.34,3.01,56.35,30.71,0.2,175.74,150.63,25.44,18.35,8.4,n4,n5,n4,78575
337561,unimed vale do carangola cooperati,13.18,8.81,4.37,13.18,2.91,4.14,16.31,13.28,6.14,2.38,0.7,n3,n4,n1,3931
337668,unimed sergipe - cooperativa de tr,235.68,176.54,59.15,235.68,129.44,33.44,430.72,411.85,72.8,97.97,9.86,n4,n5,n4,77576
337871,unimed rio branco cooperativa de t,72.63,48.99,23.64,72.63,34.87,14.32,145.14,142.14,23.44,24.4,4.34,n4,n5,n3,27952
338346,sulmed - assistência médica ltda  ,7.19,6.51,0.67,7.19,3.45,0.38,19.24,17.63,3.35,2.18,1.42,n2,n4,n2,11048
338915,associação brasileira dos empregad,68.85,11.76,57.08,68.85,32.98,63.74,62.39,37.87,-27.87,31.53,2.61,n4,n4,n3,49
339539,irmandade da santa casa de miseric,221.87,155.36,66.51,221.87,55.09,46.22,161.73,128.83,120.56,8.96,0.47,n4,n5,n1,18510
339601,agemed saúde s.a.                 ,257.53,168.29,89.24,275.54,165.85,36.49,792.84,810.85,73.19,83.98,12.12,n4,n5,n5,333741
339679,central nacional unimed - cooperat,1968.14,1547.96,420.18,1968.14,1007.76,207.12,3148.81,2930.31,753.26,700.44,101.49,n4,n6,n6,1520088
339954,fundação são francisco xavier     ,665.73,410.46,255.27,665.73,108.66,21.73,787.38,736.44,535.34,42.83,6.81,n4,n5,n4,150453
340146,associação auxiliadora das classes,17.07,0.88,16.19,29.26,85.27,55.99,52.92,65.12,-112.0,55.15,2.43,n3,n4,n3,5460
340162,samig - serv. de assistencia medic,14.3,6.05,8.25,14.3,7.57,2.47,16.59,16.69,4.26,3.51,1.17,n3,n4,n2,8530
340251,unimed extremo oeste catarinense c,18.02,13.79,4.23,18.02,5.54,4.15,41.95,40.62,8.33,3.39,0.72,n3,n4,n1,10558
340782,clinipam clinica paranaense de ass,358.41,225.52,132.89,358.41,89.67,35.54,630.35,551.96,233.2,68.84,13.95,n4,n5,n5,288628
340952,unimed caruaru-cooperativa de trab,153.98,88.28,65.7,153.98,86.27,32.83,288.8,287.04,34.88,49.99,6.34,n4,n5,n4,73085
341819,unimed alto paranaiba cooperativa ,1.76,1.64,0.12,1.76,0.22,0.65,2.82,2.61,0.89,0.13,0.27,n2,n2,n1,1257
341941,hospital de prontoclinica ltda.   ,30.44,13.48,16.96,27.25,7.95,0.73,37.62,32.81,18.57,3.96,0.33,n3,n4,n1,9207
342033,samp espírito santo assistência mé,131.35,118.77,12.59,131.35,64.84,1.46,430.3,412.54,65.05,58.51,15.3,n4,n5,n5,242913
342084,unimed cuiaba cooperativa de traba,453.94,301.26,152.67,453.94,194.07,44.05,1282.55,1241.67,215.81,94.91,29.83,n4,n6,n5,204749
342131,unimed vilhena cooperativa de trab,25.32,21.0,4.32,25.32,8.11,2.81,37.91,33.23,14.4,6.19,1.5,n3,n4,n2,6656
342157,unimed morrinhos cooperativa de tr,10.5,6.71,3.79,10.5,4.43,0.0,12.98,12.58,6.06,1.74,0.78,n3,n4,n1,3247
342343,unimed de pindamonhangaba - cooper,70.27,18.52,51.75,70.27,21.56,28.72,123.79,116.22,19.99,5.53,2.39,n4,n5,n3,12568
342386,unimed de tres lagoas cooperativa ,23.86,20.66,3.2,23.86,13.94,0.55,53.78,49.88,9.38,8.67,1.19,n3,n4,n2,6218
342408,pame - associação de assistência p,23.65,17.44,6.21,23.65,52.12,2.05,100.93,98.97,-30.52,46.77,2.67,n3,n5,n3,5400
342556,associação dr. bartholomeu tacchin,132.92,63.06,69.86,132.92,53.07,24.35,387.01,373.17,55.51,14.99,4.18,n4,n5,n3,60099
342611,economus instituto de seguridade s,390.17,227.71,162.45,390.17,32.15,170.36,308.68,362.93,187.67,14.79,10.66,n4,n5,n5,43543
342807,santa casa de misericórdia de juiz,126.61,57.88,68.73,126.61,55.27,34.54,279.62,271.11,36.8,21.74,17.88,n4,n5,n5,50306
342955,climesa clínica médica santana ltd,2.7,1.09,1.61,2.7,0.94,0.58,3.3,3.07,1.17,0.47,0.1,n2,n2,n1,2199
343013,climepe total ltda                ,52.04,26.72,25.32,52.04,12.32,4.86,82.04,74.87,34.87,6.29,2.85,n4,n4,n3,33847
343064,garantia de saúde ltda            ,30.49,29.21,1.28,30.49,13.54,6.67,70.08,65.08,10.27,12.23,0.65,n3,n4,n1,27126
343129,associacao dos professores univers,10.3,10.08,0.22,10.3,9.52,0.36,31.53,32.74,0.42,6.89,1.17,n3,n4,n2,3427
343153,unimed sousa - cooperativa de trab,13.68,6.68,7.0,13.68,3.96,0.31,15.05,12.64,9.41,3.03,0.35,n3,n4,n1,2643
343269,unimed de londrina cooperativa de ,445.18,320.24,124.94,445.18,111.91,126.45,700.97,664.23,206.81,74.84,16.45,n4,n5,n5,189089
343463,plamed plano de assistencia medica,45.64,18.25,27.38,45.64,23.74,11.21,87.31,86.77,10.69,8.99,4.33,n3,n4,n3,33241
343676,samoc s.a. - sociedade assistencia,35.52,16.15,19.37,35.52,15.36,10.31,69.43,67.36,9.85,8.55,6.47,n3,n4,n4,11932
343684,unimed alto da serra - sociedade c,48.0,38.92,9.08,48.0,8.95,17.07,37.29,34.03,21.98,4.63,1.55,n3,n4,n2,11121
343722,unimed ponte nova cooperativa de t,7.6,5.02,2.59,7.6,3.28,1.77,13.65,13.41,2.56,1.7,0.65,n2,n4,n1,4359
343731,unimed-são gonçalo - niterói - soc,344.15,143.97,200.18,344.15,226.46,70.81,1103.21,1126.87,46.89,131.15,18.97,n4,n6,n5,162804
343765,unimed caldas novas - cooperativa ,10.67,7.49,3.18,10.67,3.18,3.4,16.22,14.71,4.1,1.49,0.55,n3,n4,n1,2448
343889,unimed - belo horizonte cooperativ,3177.65,919.24,2258.41,3177.65,706.0,657.95,4283.93,3913.68,1813.7,398.3,97.73,n4,n6,n5,1240434
344141,unimed cajazeiras - sociedade coop,3.13,2.62,0.51,3.13,0.64,0.21,6.23,5.76,2.28,0.44,0.21,n2,n3,n1,755
344362,são lucas saúde s/a               ,92.86,68.74,24.12,92.86,35.65,1.65,222.89,194.27,55.56,26.37,3.67,n4,n5,n3,84862
344397,unimed nova iguacu cooperativa de ,238.91,131.53,107.38,238.91,77.62,49.19,432.29,410.01,112.11,57.02,10.35,n4,n5,n5,80684
344443,vidaplan saúde ltda. - epp        ,3.22,1.02,2.19,3.22,1.0,0.29,1.42,1.6,1.93,0.88,0.14,n2,n2,n1,566
344729,unimed varginha cooperativa de tra,66.63,33.16,33.47,66.63,18.17,17.1,129.37,112.8,31.37,7.72,2.83,n4,n5,n3,37730
344788,unimed de corumba cooperativa de t,13.09,12.07,1.02,13.09,3.21,2.19,14.15,13.85,7.7,2.6,1.0,n3,n4,n1,3380
344800,alvorecer - associação de socorros,15.17,14.07,1.1,11.38,6.17,1.56,78.4,74.62,3.66,5.62,1.12,n3,n4,n2,31644
344885,unimed recife cooperativa de traba,643.46,359.95,283.51,643.46,274.95,204.85,1461.35,1385.39,163.67,166.75,24.13,n4,n6,n5,212323
344915,santa casa de misericórdia e asilo,27.46,4.87,22.59,28.83,7.47,3.64,28.07,29.44,17.71,0.74,4.65,n3,n4,n3,1390
345091,santa casa de misericordia de sao ,47.79,35.43,12.36,47.79,14.44,3.55,96.59,90.04,29.8,7.43,7.24,n3,n4,n4,23441
345458,unimed lavras cooperativa de traba,35.53,22.89,12.64,35.53,8.18,8.28,69.89,62.58,19.07,5.54,2.44,n3,n4,n3,22896
345598,unimed amparo cooperativa de traba,69.11,44.12,24.99,69.11,28.3,14.49,126.41,119.01,26.32,17.9,4.6,n4,n5,n3,38881
345709,unimed conselheiro lafaiete cooper,46.58,34.19,12.38,46.58,24.99,6.68,92.94,87.16,14.9,18.7,2.12,n3,n4,n3,22365
345741,irmandade santa casa de misericórd,57.28,14.8,42.48,57.28,16.37,23.2,81.07,74.25,17.7,1.58,0.7,n4,n4,n1,3377
345776,unimed de birigui - cooperativa de,27.8,17.74,10.06,27.8,10.36,9.38,70.66,70.02,8.06,4.19,1.58,n3,n4,n2,20066
346209,unimed extremo sul cooperativa de ,32.44,27.13,5.31,32.44,18.53,2.38,76.47,73.39,11.54,13.49,3.79,n3,n4,n3,22751
346276,unimed salto/itu -  cooperativa mé,74.62,35.96,38.65,74.62,31.09,8.95,204.28,198.36,34.57,17.1,6.57,n4,n5,n4,54090
346659,caixa de assistência dos funcionár,1413.11,813.11,600.0,1413.11,1424.97,87.36,5178.92,5556.61,-99.22,1030.11,100.74,n4,n6,n6,684794
346870,porto alegre clínicas ltda.       ,24.15,7.08,17.07,24.15,7.65,19.54,29.63,28.89,-3.04,4.28,2.04,n3,n4,n3,15012
346926,fundação assistencial dos servidor,328.66,277.24,51.42,272.59,148.6,10.51,939.06,883.0,113.47,134.67,33.1,n4,n5,n5,77960
346951,unimed caçador cooperativa de trab,14.02,11.26,2.76,14.02,4.87,2.11,29.5,27.92,7.04,3.61,1.12,n3,n4,n2,10817
347108,unimed de barretos cooperativa de ,25.63,14.09,11.54,25.63,8.39,9.43,41.71,39.88,7.81,6.9,1.71,n3,n4,n2,16073
347230,unimed ilheus cooperativa de traba,13.66,12.53,1.13,13.66,11.53,0.34,43.07,44.99,1.79,8.9,1.43,n3,n4,n2,11566
347507,unimed ji paraná cooperativa de tr,47.34,40.13,7.21,47.34,27.95,2.85,128.56,128.02,16.54,16.5,4.71,n3,n5,n3,42699
347591,gamec - grupo de assistência medic,17.89,11.93,5.96,15.87,11.26,3.08,26.13,24.08,1.53,7.96,0.73,n3,n4,n1,8301
347655,irmandade da santa casa de miseric,53.0,24.48,28.52,53.0,23.0,1.29,136.13,133.59,28.71,7.73,0.76,n4,n5,n1,32548
347736,unimed caratinga - cooperativa de ,11.42,9.47,1.95,11.42,6.0,0.32,30.04,28.36,5.11,5.09,0.83,n3,n4,n1,7934
347825,caixa assistencial universitaria d,9.48,9.31,0.17,9.48,4.1,0.15,21.32,20.04,5.24,3.2,1.19,n2,n4,n2,2851
348082,unimed anhanguera cooperativa de t,72.08,44.0,28.09,72.08,29.44,11.98,181.55,168.24,30.67,11.29,4.67,n4,n5,n3,42674
348180,santa rita saude s/a.             ,49.12,42.26,6.86,49.12,27.61,0.94,150.24,111.82,20.56,18.79,1.37,n3,n5,n2,56862
348244,unimed de brusque cooperativa de t,56.86,41.49,15.38,56.86,13.15,3.12,71.89,66.47,40.59,9.21,2.43,n4,n4,n3,17091
348261,unimed alto são francisco cooperat,47.95,31.46,16.5,47.95,7.99,7.75,39.89,31.44,32.21,6.1,1.46,n3,n4,n2,17232
348295,unimed sorocaba cooperativa de tra,336.4,181.88,154.52,336.4,85.52,91.4,608.0,557.06,159.48,25.07,15.6,n4,n5,n5,78043
348406,unimed do rio grande do norte - fe,43.75,30.36,13.39,43.75,26.01,3.83,145.27,140.37,13.9,15.9,2.86,n3,n5,n3,41112
348520,medisanitas brasil assistência int,256.53,150.59,105.94,256.53,124.59,31.59,548.95,537.09,100.34,104.73,19.13,n4,n5,n5,336699
348830,plena saúde ltda                  ,42.76,29.05,13.71,42.76,19.16,7.95,98.84,93.54,15.65,15.0,3.67,n3,n4,n3,52552
349194,smv serviços médicos ltda         ,22.47,18.48,3.99,22.47,10.37,3.71,37.37,35.5,8.39,9.77,1.28,n3,n4,n2,38170
349534,unimed sete lagoas cooperativa tra,41.27,26.78,14.48,41.27,17.74,7.7,104.78,101.93,15.82,10.8,4.28,n3,n5,n3,45737
349682,doctor clin operadora de planos de,89.0,55.85,33.14,89.0,33.35,6.08,160.05,132.15,49.56,29.45,3.67,n4,n5,n3,83043
349712,unimed ponta grossa cooperativa de,111.66,54.23,57.44,111.66,35.69,8.31,226.52,220.6,67.66,18.79,9.61,n4,n5,n4,69919
349755,smedsj - serviços médicos são jose,19.97,17.21,2.75,19.97,9.81,0.64,50.84,46.34,9.51,8.53,1.56,n3,n4,n2,18248
350141,paraná clínicas - planos de saúde ,88.19,63.61,24.59,88.19,39.02,17.98,180.15,169.47,31.19,30.57,5.91,n4,n5,n4,84099
350249,h.b. saúde s/a.                   ,100.03,72.82,27.22,100.03,50.5,7.1,247.95,237.36,42.44,41.85,8.01,n4,n5,n4,106813
350346,unimed caceres cooperativa de trab,13.48,11.79,1.69,13.48,9.01,1.89,33.25,32.09,2.58,6.95,1.35,n3,n4,n2,13032
350371,unimed do sudoeste cooperativa de ,49.09,32.82,16.27,49.09,26.51,12.28,175.43,170.49,10.3,22.6,4.08,n3,n5,n3,33592
350648,unimed região da campanha/rs - coo,27.13,17.43,9.7,27.13,6.46,7.11,30.52,28.45,13.55,3.49,1.79,n3,n4,n2,4949
350699,centro hospitalar atibaia ltda.   ,29.19,23.39,5.79,29.19,9.71,2.97,70.32,66.32,16.51,7.88,5.46,n3,n4,n4,20689
350729,operadora de planos privados de as,22.49,8.17,14.31,23.78,14.55,3.17,39.75,41.04,6.05,9.04,2.06,n3,n4,n3,16177
351091,free life operadora de planos de s,16.62,11.89,4.74,17.63,9.01,4.34,35.05,35.7,4.27,6.03,0.39,n3,n4,n1,25194
351202,unimed de ribeirao preto - coopera,468.24,154.41,313.82,468.24,107.64,229.1,712.0,680.24,131.5,37.67,11.11,n4,n5,n5,125855
351407,unimed de catanduva - cooperativa ,69.5,34.47,35.03,69.5,31.27,9.17,143.82,138.98,29.06,12.44,4.55,n4,n5,n3,42515
351776,unimed de registro cooperativa de ,15.85,9.43,6.42,15.18,5.63,2.63,32.58,31.9,6.92,4.2,1.38,n3,n4,n2,7557
351792,unimed foz do iguacu cooperativa t,42.11,30.93,11.17,42.11,23.81,3.1,77.55,72.61,15.2,15.98,1.84,n3,n4,n2,23373
352179,unimed fronteira noroeste/rs - coo,33.74,23.53,10.21,33.74,14.54,4.42,62.35,61.65,14.78,7.7,2.52,n3,n4,n3,21958
352314,unimed joão monlevade cooperativa ,37.85,36.2,1.65,37.85,14.25,4.4,49.52,43.56,19.2,10.65,1.91,n3,n4,n2,18557
352331,caixa beneficente dos funcionarios,8900.17,8763.69,136.48,8900.17,77.65,8.74,2288.28,1419.89,8813.77,62.06,11.97,n4,n6,n5,62801
352501,unimed porto alegre - cooperativa ,1234.18,1008.6,225.58,1234.18,491.41,86.92,2855.29,2709.84,655.85,334.4,66.5,n4,n6,n5,641723
352519,unimed alto jacuí/rs - cooperativa,12.01,9.14,2.88,12.01,7.57,1.13,22.87,22.86,3.31,3.18,1.18,n3,n4,n2,9203
352543,unimed imperatriz cooperativa de t,45.89,26.11,19.78,45.89,24.95,6.43,114.66,113.45,14.51,14.18,2.6,n3,n5,n3,28203
352586,sistemas e planos de saúde ltda.  ,30.87,21.89,8.98,30.87,15.11,5.31,66.9,63.52,10.45,11.6,2.93,n3,n4,n3,75447
352683,unimed de campos cooperativa de tr,134.68,69.53,65.15,134.68,64.07,34.21,248.77,234.27,36.4,38.14,5.96,n4,n5,n4,50056
352861,unimed andradas cooperativa de tra,12.2,8.95,3.25,12.2,2.42,1.8,15.46,12.22,7.99,1.72,0.59,n3,n4,n1,5895
353027,unimed de itapetininga - cooperati,28.83,13.99,14.84,28.83,12.05,1.22,82.07,76.39,15.56,4.71,2.29,n3,n4,n3,17729
353060,unimed patos de minas cooperativa ,77.6,65.91,11.68,77.6,25.73,29.1,115.44,105.83,22.76,19.43,3.37,n4,n5,n3,33263
353264,santa casa de misericordia de são ,20.73,13.1,7.63,20.73,4.97,2.16,57.0,54.47,13.6,2.69,0.45,n3,n4,n1,7950
353353,unimed teresina - cooperativa de t,253.75,138.6,115.16,253.75,111.21,34.38,394.43,354.32,108.16,69.99,12.71,n4,n5,n5,88642
353663,unimed norte do mato grosso cooper,82.23,62.73,19.5,82.23,31.66,5.92,202.18,186.45,44.64,18.93,5.46,n4,n5,n4,57025
353698,unimed região da produção/rs - coo,29.28,8.89,20.39,29.28,9.6,10.04,25.85,25.93,9.64,2.06,1.38,n3,n4,n2,5057
353876,unimed pontal do triângulo - coope,14.54,12.42,2.13,14.54,4.84,2.87,19.83,17.42,6.84,3.88,0.86,n3,n4,n1,12261
354031,unimed são carlos - cooperativa de,182.46,70.13,112.33,182.46,55.98,52.15,348.96,320.8,74.33,22.06,13.74,n4,n5,n5,95757
354066,unimed uberaba cooperativa de trab,185.1,145.36,39.75,185.1,63.74,53.68,307.73,290.34,67.68,37.84,10.69,n4,n5,n5,85529
354279,unimed de lins - cooperativa de tr,81.12,26.72,54.4,81.12,12.75,48.63,78.47,72.26,19.74,5.97,2.9,n4,n4,n3,15369
354295,unimed chapecó - cooperativa de tr,240.48,77.35,163.13,240.48,49.23,117.22,238.66,213.27,74.03,12.55,5.54,n4,n5,n4,50261
354325,unimed araguari cooperativa de tra,22.22,19.03,3.19,22.22,10.98,2.57,48.11,41.11,8.67,9.5,1.6,n3,n4,n2,15113
354511,operadora unieste de planos de saú,50.38,19.75,30.63,50.38,30.28,4.24,166.37,159.29,15.86,24.86,1.54,n4,n5,n2,16172
354554,multiclinica servicos de saude ltd,11.75,7.1,4.66,11.75,4.48,6.39,14.57,13.51,0.88,2.67,0.78,n3,n4,n1,11039
354562,irmandade da santa casa de miseric,127.04,60.52,66.52,114.81,33.76,15.86,261.61,245.17,65.19,12.04,8.81,n4,n5,n4,41776
354619,unimed de sao josé do rio pardo-co,19.38,8.37,11.0,19.38,4.81,5.82,40.36,36.49,8.75,1.83,1.58,n3,n4,n2,10246
354627,unimed de cianorte - cooperativa d,19.87,15.41,4.46,19.87,10.98,0.81,35.33,34.78,8.07,8.39,1.55,n3,n4,n2,11954
354678,unimed machado cooperativa de trab,12.94,5.85,7.09,12.94,3.23,5.12,14.19,12.55,4.59,2.27,1.05,n3,n4,n2,7785
354783,unimed franca - sociedade cooperat,122.73,58.67,64.06,122.73,31.55,40.18,230.84,221.29,51.0,20.15,5.62,n4,n5,n4,74255
354996,unimed alfenas cooperativa de trab,26.07,18.05,8.02,26.07,5.17,7.91,28.85,23.93,13.0,4.29,0.98,n3,n4,n1,9189
355097,santa helena assistência médica s/,763.87,176.54,587.33,763.87,143.45,109.29,816.07,720.41,511.14,64.62,18.19,n4,n5,n5,299492
355151,fundação copel de previdência e as,257.74,233.51,24.23,257.74,58.81,25.94,294.28,290.04,172.99,54.24,11.17,n4,n5,n5,41780
355577,unimed de guaratingueta-cooperativ,29.77,18.6,11.16,29.77,12.63,1.91,71.13,67.95,15.23,8.99,2.07,n3,n4,n3,8562
355593,unimed patrocínio cooperativa de t,31.27,28.15,3.12,31.27,10.79,10.11,45.19,41.41,10.37,6.07,1.93,n3,n4,n2,9264
355691,unimed do estado de santa catarina,239.51,174.26,65.25,239.51,86.91,56.58,545.63,532.84,96.02,53.57,11.88,n4,n5,n5,154195
355721,unimed de santos coop de trab medi,265.86,170.71,95.15,265.86,108.42,11.77,824.6,765.32,145.66,80.45,19.01,n4,n5,n5,161390
356123,unimed do cariri - sociedade coope,59.12,46.18,12.94,59.12,18.09,1.17,189.35,187.06,39.86,14.88,6.37,n4,n5,n4,36603
356417,unimed vale do sinos - cooperativa,257.7,145.44,112.26,257.7,66.41,69.72,444.41,438.11,121.57,21.38,14.41,n4,n5,n5,64908
356476,sim - caixa de assistência à saúde,27.73,26.86,0.87,27.73,14.05,0.66,25.06,26.7,13.02,12.82,1.72,n3,n4,n2,18964
356581,unimed itaúna cooperativa de traba,52.55,39.72,12.84,52.55,12.97,11.07,46.42,38.6,28.51,9.25,2.25,n4,n4,n3,21584
357022,unimed erechim - cooperativa de se,51.01,18.71,32.31,51.01,15.95,14.69,88.22,86.67,20.38,6.55,4.11,n4,n4,n3,20105
357065,unimed itabuna cooperativa de trab,52.07,49.68,2.39,52.07,29.81,0.75,121.14,111.91,21.52,18.01,2.64,n4,n5,n3,31223
357138,unimed centro oeste paulista - fed,86.14,71.61,14.53,86.14,26.78,0.74,130.0,112.63,58.63,15.65,3.16,n4,n5,n3,286
357260,unimed noroeste/rs - sociedade coo,85.86,38.22,47.64,85.86,27.16,36.98,175.71,172.68,21.71,11.72,5.27,n4,n5,n4,56406
357391,unimed vitoria cooperativa de trab,599.23,328.88,270.35,599.23,228.73,91.82,1338.75,1287.34,278.68,124.33,42.52,n4,n6,n5,333531
357511,humana assistencia medica ltda    ,61.47,56.7,4.77,61.47,34.14,0.73,181.63,163.73,26.59,21.2,9.26,n4,n5,n4,60903
357669,desban - fundação bdmg de segurida,29.95,26.36,3.58,29.95,1.37,3.59,18.61,16.73,24.99,1.18,1.18,n3,n4,n2,1827
357715,unimed de mineiros cooperativa de ,33.16,30.97,2.2,33.16,6.1,3.2,26.18,22.81,23.87,4.43,1.51,n3,n4,n2,7620
358053,plano saúde são francisco ltda.   ,5.67,4.89,0.78,5.67,3.08,0.17,12.87,12.29,2.41,2.66,0.76,n2,n4,n1,4734
358088,unimed leste paulista cooperativa ,73.98,48.45,25.53,73.98,28.39,10.16,185.63,172.78,35.44,15.72,5.33,n4,n5,n4,44323
358096,unimed apucarana cooperativa de tr,51.91,32.66,19.25,51.91,16.28,16.27,76.05,71.72,19.35,11.23,3.3,n4,n4,n3,19785
358169,unimed de ariquemes cooperativa de,10.54,10.07,0.47,10.54,6.65,0.18,23.4,23.34,3.71,4.52,0.95,n3,n4,n1,5111
358282,unimed norte do paraná cooperativa,43.68,23.49,20.19,43.68,8.98,9.28,39.73,33.91,25.42,3.92,1.21,n3,n4,n2,7021
358509,santa luzia assistencia medica s.a,6.9,5.72,1.17,6.9,2.67,1.47,13.5,14.12,2.76,1.53,0.45,n2,n4,n1,4919
358754,caixa de assistência dos funcionár,18.73,16.69,2.03,18.73,35.66,0.31,101.95,114.41,-17.25,33.85,3.54,n3,n5,n3,10868
359017,notre dame intermédica saúde s.a. ,4555.36,1709.97,2845.38,4555.36,1592.17,884.44,6083.98,5371.9,2078.75,672.41,193.75,n4,n6,n6,2122313
359033,unimed três corações cooperativa d,28.89,12.41,16.48,28.89,10.65,13.03,36.11,33.58,5.2,3.01,1.55,n3,n4,n2,15435
359122,caixa de assistência dos servidore,29.73,17.3,12.43,29.73,6.99,0.21,93.2,83.09,22.54,5.19,3.59,n3,n4,n3,8809
359289,unimed vale do aço cooperativa de ,164.66,59.79,104.87,164.66,52.78,69.05,169.21,168.17,42.82,25.19,5.94,n4,n5,n4,72379
359661,omint serviços de saúde ltda.     ,671.84,403.36,268.48,671.84,156.81,194.71,1536.2,1366.7,320.31,131.26,36.91,n4,n6,n5,71292
359777,unimed rondonopolis cooperativa de,125.82,47.16,78.66,125.82,36.26,35.27,141.27,116.73,54.3,15.12,4.54,n4,n5,n3,45808
360244,plano de saúde ana costa ltda.    ,156.93,123.88,33.05,156.93,51.28,16.78,284.95,243.16,88.87,44.54,5.5,n4,n5,n4,94301
360414,unimed noroeste fluminense - coope,25.14,23.9,1.24,25.14,15.9,0.16,55.72,53.58,9.08,11.42,1.59,n3,n4,n2,10958
360449,unimed grande florianópolis-cooper,488.09,271.91,216.18,488.09,175.78,139.21,937.3,930.87,173.09,119.72,18.09,n4,n5,n5,163820
360481,vera cruz associação de saúde     ,77.16,75.38,1.78,77.16,17.34,6.05,204.94,190.23,53.78,14.7,2.76,n4,n5,n3,30011
360767,medical medicina cooperativa assis,64.47,45.34,19.13,64.47,26.58,2.39,173.95,172.87,35.5,13.52,6.62,n4,n5,n4,77960
361011,sindifisco nacional - sindicato na,138.34,26.54,111.79,138.34,70.51,8.12,215.88,221.28,59.7,34.45,2.43,n4,n5,n3,16154
361461,caixa de assistência à saúde dos e,58.72,24.22,34.5,58.72,13.5,0.25,60.07,59.68,44.97,12.63,1.93,n4,n4,n2,11853
361615,unimed de paranaguá cooperativa de,39.93,26.06,13.87,39.93,18.41,2.6,90.34,84.91,18.92,13.23,2.96,n3,n4,n3,35024
361852,uniao de clinicas rio grande ltda ,4.31,2.25,2.06,4.31,4.89,2.71,11.94,12.36,-3.3,1.86,0.49,n2,n4,n1,10629
361941,unimed de tatui - cooperativa de t,45.35,23.24,22.11,45.35,12.61,10.92,87.15,79.93,21.82,5.65,2.47,n3,n4,n3,18760
362140,unimed oeste do pará - cooperativa,21.86,18.56,3.3,21.86,11.98,0.83,70.9,69.0,9.06,7.42,3.12,n3,n4,n3,24140
362573,unimed de uba cooperativa de traba,31.3,22.14,9.16,31.3,8.54,13.52,43.82,41.61,9.24,6.61,1.33,n3,n4,n2,9984
362832,unimed planalto central/rs - coope,19.99,14.85,5.14,19.99,6.58,4.29,36.89,31.32,9.12,3.86,1.37,n3,n4,n2,7100
363111,hospital de caridade de vargem gra,8.74,3.15,5.6,8.74,4.13,3.92,17.95,17.91,0.68,1.39,0.12,n2,n4,n1,3176
363189,hospital s.p. ltda.               ,5.92,4.52,1.4,4.53,2.1,0.11,9.34,7.02,2.32,1.51,0.57,n2,n3,n1,2727
363286,unimed de taubaté cooperativa de t,46.84,26.82,20.02,46.84,24.58,23.86,97.95,96.61,-1.6,16.12,3.02,n3,n4,n3,15969
363391,plano assistencial são lucas ltda ,12.43,8.04,4.39,12.43,2.72,2.05,11.46,8.88,7.65,1.86,0.63,n3,n4,n1,4199
363685,irmandade nossa senhora das merces,154.63,93.98,60.66,154.63,93.52,49.11,229.43,252.83,12.01,9.37,0.52,n4,n5,n1,15011
363766,casa de saúde são bernardo s/a    ,133.17,87.85,45.33,133.17,56.58,25.26,253.82,239.41,51.33,39.01,3.92,n4,n5,n3,82843
363944,federação interfederativa das coop,105.6,28.45,77.15,105.6,12.77,36.69,48.43,35.34,56.14,0.86,11.74,n4,n4,n5,3
364070,unimed três pontas - cooperativa d,28.03,7.56,20.48,28.03,3.65,7.36,21.53,17.36,17.02,1.35,1.22,n3,n4,n2,19786
364312,unimed de araraquara - coop. de tr,118.5,61.73,56.77,118.5,39.15,32.02,345.3,331.36,47.33,14.45,9.51,n4,n5,n4,90036
364584,unimed de volta redonda cooperativ,260.01,178.25,81.76,260.01,105.84,69.47,385.86,355.18,84.7,53.03,10.04,n4,n5,n5,55888
364592,leader assistência médica e hospit,3.59,1.51,2.08,3.45,1.27,0.23,2.65,2.47,1.95,0.45,0.29,n2,n2,n1,499
364860,unimed de tubarao - cooperativa de,85.09,43.11,41.98,85.09,22.54,18.1,121.29,110.8,44.44,13.35,3.3,n4,n5,n3,34927
365238,unimed de ibitinga cooperativa de ,31.94,24.92,7.02,31.94,6.38,6.46,46.68,40.23,19.09,3.52,1.73,n3,n4,n2,12394
365530,unimed de tupa cooperativa de trab,16.08,12.04,4.03,16.08,6.23,0.94,39.46,38.27,8.91,3.75,1.11,n3,n4,n2,10099
365645,dona saúde clinicas ltda. me      ,0.55,0.36,0.19,0.55,0.21,0.28,0.27,0.29,0.07,0.1,0.09,n1,n1,n1,583
365777,unimed noroeste do paraná coop de ,38.83,24.28,14.55,38.83,9.97,13.16,59.5,54.6,15.7,6.24,2.57,n3,n4,n3,15211
366064,unimed norte pioneiro - cooperativ,42.0,24.44,17.56,42.0,12.84,3.56,57.21,52.07,25.6,6.55,2.49,n3,n4,n3,14005
366145,unimed sul do para cooperativa de ,68.26,37.79,30.47,68.26,45.07,9.58,106.05,108.76,13.61,21.34,3.48,n4,n5,n3,44452
366340,unimed de capivari -cooperativa de,28.48,16.26,12.22,28.48,9.1,1.12,53.33,52.82,18.26,4.54,1.5,n3,n4,n2,9659
366561,bensaude plano de assistencia medi,87.43,82.09,5.34,87.43,22.55,0.29,194.54,177.45,64.58,18.35,4.4,n4,n5,n3,48197
367087,unimed/rs federação das cooperativ,189.69,124.84,64.86,189.69,82.33,29.74,301.85,292.24,77.62,35.71,6.06,n4,n5,n4,53212
367095,samel plano de saúde ltda         ,26.24,16.68,9.56,26.24,15.34,0.27,72.58,71.1,10.63,11.85,2.28,n3,n4,n3,53958
367397,unimed campina grande - cooperativ,114.54,103.41,11.12,114.54,55.37,5.29,225.62,219.66,53.88,47.65,7.28,n4,n5,n4,42316
367613,unimed campo belo- cooperativa de ,7.49,4.95,2.54,7.49,1.5,1.57,9.98,9.02,4.43,1.01,0.56,n2,n3,n1,9879
368148,unimed muriaé cooperativa de traba,27.68,21.86,5.82,27.68,6.68,5.56,72.15,66.79,15.43,5.36,1.05,n3,n4,n2,10707
368253,hapvida assistencia medica ltda   ,2264.04,997.0,1267.04,2264.04,679.01,217.81,4816.26,4360.28,1367.22,429.96,117.53,n4,n6,n6,2285227
368849,mediplan assistencial ltda        ,42.01,28.69,13.32,42.01,15.79,1.5,177.65,172.7,24.73,11.62,6.43,n3,n5,n4,87520
368920,agros - instituto ufv de seguridad,61.97,53.28,8.69,61.97,11.32,7.41,64.89,63.66,43.24,9.54,3.19,n4,n4,n3,15950
369233,unimed palmeira dos índios coopera,20.82,19.84,0.98,20.82,7.19,5.64,18.7,16.31,7.99,5.63,0.76,n3,n4,n1,5995
369292,unimed de santa bárbara d'oeste e ,135.38,47.16,88.22,135.38,46.2,37.84,347.32,335.05,51.33,17.11,6.41,n4,n5,n4,84466
369373,pro salute serviços para a saúde l,49.53,22.17,27.36,49.53,20.84,20.87,160.67,154.75,7.82,15.46,6.11,n3,n5,n4,51339
369411,unimed de aracatuba - cooperativa ,170.87,89.82,81.05,170.87,36.71,90.67,224.02,214.35,43.49,10.61,5.53,n4,n5,n4,28871
369659,unimed de bauru cooperativa de tra,432.9,226.5,206.4,432.9,91.08,100.96,626.24,562.94,240.86,34.28,10.55,n4,n5,n5,96797
370070,unimed de cascavel cooperativa de ,202.95,179.6,23.35,202.95,79.51,24.04,335.26,305.05,99.4,47.17,10.85,n4,n5,n5,90159
370088,unimed são lourenço cooperativa de,47.61,31.14,16.47,47.61,15.19,9.62,75.46,71.26,22.79,9.99,2.38,n3,n4,n3,60264
370321,caixa de assistência dos funcionár,4.77,4.09,0.68,4.77,3.05,0.28,10.63,12.63,1.44,2.52,0.23,n2,n4,n1,2515
370592,funasa-saúde - caixa de assistenci,9.77,6.14,3.63,10.29,2.82,1.5,15.81,16.33,5.97,2.4,1.05,n2,n4,n2,3440
370681,unimed pato branco cooperativa de ,51.55,43.01,8.54,51.55,26.9,3.32,125.29,121.83,21.33,17.93,4.45,n4,n5,n3,41900
370975,unimed vale do jauru cooperativa d,10.83,6.79,4.05,10.83,5.55,0.87,18.95,19.26,4.41,4.84,1.42,n3,n4,n2,12920
371106,unimed costa oeste - cooperativa d,68.76,52.5,16.26,68.76,32.46,2.21,161.62,158.99,34.09,21.16,6.44,n4,n5,n4,51088
371254,unimed regional maringá coop.de tr,386.42,305.03,81.39,386.42,97.95,70.27,660.84,625.88,218.2,62.59,16.13,n4,n5,n5,138840
371564,unimed frutal cooperativa de traba,5.99,4.66,1.33,5.99,4.23,0.21,12.96,13.16,1.55,2.79,1.57,n2,n4,n2,8018
371629,unimed noroeste capixaba cooperati,63.28,39.07,24.21,63.28,32.42,4.03,127.49,126.3,26.83,20.61,1.94,n4,n5,n2,47367
371777,unimed norte capixaba- cooperativa,50.2,35.65,14.55,50.2,25.65,2.04,135.4,130.12,22.51,16.78,2.25,n4,n5,n3,33330
372561,unimed alto vale - cooperativa de ,33.64,25.36,8.28,33.64,7.73,9.1,55.82,53.88,16.81,3.98,1.84,n3,n4,n2,11680
372609,nossa saúde - operadora planos pri,54.47,22.91,31.56,54.47,22.23,17.89,97.34,95.72,14.35,15.58,3.54,n4,n4,n3,40710
373010,memorial saude ltda               ,89.25,82.69,6.56,89.25,48.63,6.18,213.03,196.83,34.44,40.43,10.83,n4,n5,n5,116740
373141,plamheg plano de assistência medic,8.39,7.8,0.59,8.39,11.34,5.05,22.66,22.5,-7.99,7.61,1.48,n2,n4,n2,8348
378216,fundação libertas de seguridade so,47.28,45.01,2.27,47.28,9.86,5.14,56.2,49.36,32.28,9.0,2.47,n3,n4,n3,8442
379280,liv linhas inteligentes de atenção,11.39,9.13,2.26,11.39,2.89,0.54,1.32,3.0,7.96,0.71,0.04,n3,n2,n1,6352
379956,care plus medicina assistencial lt,726.0,360.51,365.49,726.0,166.98,28.62,903.77,839.08,530.39,86.52,48.63,n4,n5,n5,73036
380661,metrus instituto de seguridade soc,122.18,101.28,20.91,122.18,51.82,1.52,280.18,268.89,68.84,47.31,9.47,n4,n5,n4,25982
382281,plano de assistência médica mineir,2.65,1.11,1.54,2.59,1.86,0.03,5.62,5.38,0.69,1.49,0.83,n2,n3,n1,7546
382540,associação beneficente dos profess,318.63,279.25,39.38,318.63,20.08,31.97,242.34,204.13,266.58,15.14,12.27,n4,n5,n5,244275
382639,associação dos fiscais de tributos,10.83,8.28,2.54,10.83,0.61,4.25,5.81,5.6,5.97,0.18,0.64,n3,n3,n1,633
382876,unimed goiania cooperativa de trab,788.93,513.55,275.39,788.93,385.63,129.96,1751.55,1692.91,273.34,254.46,32.5,n4,n6,n5,320346
383520,unimed santo antonio de jesus coop,6.81,5.73,1.08,6.81,1.68,0.65,9.69,10.12,4.49,1.24,0.41,n2,n3,n1,2381
384577,unimed uberlândia cooperativa regi,171.14,108.68,62.46,171.14,73.23,19.21,509.34,501.53,78.7,59.06,15.45,n4,n5,n5,105357
385255,unihosp saúde ltda                ,21.92,20.78,1.14,21.92,7.7,1.65,62.24,61.51,12.57,7.24,0.49,n3,n4,n1,23264
385620,unimed de lorena cooperativa de tr,30.63,16.41,14.22,30.63,12.02,8.16,69.19,64.32,10.45,5.07,1.37,n3,n4,n2,7383
385697,caixa de assistência dos funcionár,217.29,195.9,21.39,217.29,59.74,14.64,273.48,252.35,142.91,44.73,11.11,n4,n5,n5,37792
386588,unimed governador valadares coop. ,203.42,68.75,134.67,203.42,69.7,90.14,209.56,205.03,43.57,38.0,3.28,n4,n5,n3,62592
386596,federaçao regional das cooperativa,41.75,27.6,14.15,41.75,17.21,3.32,67.09,60.94,21.21,7.76,3.85,n3,n4,n3,21217
386901,unimed leopoldina cooperativa de t,15.27,10.81,4.46,15.27,3.66,2.98,20.41,18.41,8.63,2.84,0.69,n3,n4,n1,6422
388092,associação dos funcionários fiscai,8.59,6.01,2.58,8.59,1.79,0.02,8.39,9.36,6.79,1.24,0.75,n2,n3,n1,825
390259,comseder - cooperativa de assistên,4.14,4.1,0.04,4.14,1.86,0.05,10.22,9.52,2.23,1.64,1.04,n2,n4,n2,860
392391,hospital marechal cândido rondon l,34.35,13.65,20.69,34.35,13.46,12.52,59.43,58.56,8.36,5.13,0.6,n3,n4,n1,18692
392804,centro clínico gaúcho ltda        ,162.02,124.45,37.58,162.02,73.09,42.3,292.76,270.32,46.63,35.33,7.13,n4,n5,n4,172803
393321,unimed-rio cooperativa de trabalho,1828.4,423.26,1405.14,1828.4,1549.53,1223.36,4587.54,4502.09,-944.49,1120.28,74.43,n4,n6,n5,717363
393533,associação do fisco de alagoas    ,10.79,6.44,4.35,10.79,4.37,0.1,30.44,28.29,6.32,4.09,1.34,n3,n4,n2,3363
394271,associação dos funcionários públic,24.42,3.48,20.94,24.42,31.38,12.13,21.49,24.32,-19.08,8.37,11.13,n3,n4,n5,3195
394734,ameplan assistência médica planeja,160.42,128.6,31.82,160.42,127.33,19.79,222.72,214.46,13.3,56.89,1.21,n4,n5,n2,125495
395480,esmale assistencia internacional d,53.84,27.67,26.17,53.84,26.42,6.03,132.52,125.17,21.39,18.59,3.51,n4,n5,n3,44146
400190,santo andré planos de assistencia ,20.77,16.64,4.13,12.96,35.08,10.21,73.01,62.81,-32.33,14.45,2.79,n3,n4,n3,26665
400319,hospital de cataguases            ,33.39,13.43,19.95,33.39,15.35,14.71,44.05,47.15,3.32,0.69,13.49,n3,n4,n5,2307
401081,amesc - associação médica espírita,63.59,54.33,9.26,63.59,28.5,13.68,141.49,145.74,21.41,9.9,2.31,n4,n5,n3,49275
401196,saúde goiânia ltda                ,7.21,4.29,2.92,6.62,2.87,1.36,17.19,16.45,2.39,2.67,1.92,n2,n4,n2,17679
401480,evangelico saude ltda.            ,8.11,6.9,1.21,8.11,4.46,0.41,19.6,19.42,3.24,3.83,0.72,n2,n4,n1,5884
402001,sistema total de saúde ltda.      ,5.27,4.67,0.61,5.27,2.35,0.95,15.17,15.25,1.97,2.03,1.21,n2,n4,n2,11505
402206,associação goiana do ministério pú,8.99,6.71,2.28,8.99,1.99,0.02,14.49,13.65,6.99,1.7,0.66,n2,n4,n1,1342
402478,oralclass assistencia médica e odo,6.58,3.56,3.02,6.58,2.29,1.97,12.65,12.46,2.31,1.37,0.08,n2,n4,n1,4669
402770,climol clinica médica e odontológi,5.45,4.92,0.52,6.72,3.93,1.0,2.08,3.36,1.8,0.12,1.11,n2,n2,n2,911
402834,"unimed sta rita, sta rosa e são si",9.22,7.09,2.13,9.22,2.49,0.15,15.78,13.81,6.58,2.05,0.92,n2,n4,n1,4301
402851,multi saúde - assistência médica e,6.95,1.3,5.65,6.47,7.88,2.46,22.0,21.37,-3.87,5.36,1.18,n2,n4,n2,18692
402966,bio saúde serviços médicos ltda   ,30.34,22.23,8.11,29.4,15.45,0.05,63.21,61.79,13.9,14.13,0.53,n3,n4,n1,71100
403911,vision med assistência médica ltda,861.51,163.4,698.11,861.51,348.58,270.55,1108.7,1123.33,242.38,265.64,33.46,n4,n6,n5,164773
403920,irmandade da santa casa de miseric,39.12,15.77,23.35,39.12,27.39,11.19,82.19,82.25,0.54,9.39,16.07,n3,n4,n5,18358
403962,são francisco assistência médica l,17.32,10.27,7.04,17.32,11.09,10.15,55.15,49.96,-3.93,6.61,1.63,n3,n4,n2,20440
404241,cooperativa dos usuários de serviç,17.37,17.2,0.17,17.37,6.65,0.6,10.09,9.57,10.12,1.39,0.24,n3,n4,n1,3876
406554,associação adventista norte brasil,338.91,143.98,194.94,312.23,79.32,46.1,337.32,310.63,186.81,12.07,37.63,n4,n5,n5,15742
406805,cooperativa dos usuários de serviç,6.83,6.06,0.77,6.83,2.37,0.05,11.82,11.34,4.41,2.23,0.26,n2,n4,n1,3282
406937,associação policial de assistência,18.89,15.91,2.98,17.27,2.63,0.0,16.44,14.82,14.65,2.46,0.46,n3,n4,n1,6009
407011,gama saude ltda.                  ,114.12,105.15,8.97,114.12,38.6,5.71,400.38,400.92,69.81,13.23,9.39,n4,n5,n4,9353
407534,ônix operadora de planos de saúde ,5.4,4.04,1.36,5.36,1.96,0.2,1.38,1.35,3.21,1.58,0.09,n2,n2,n1,7540
407569,associação policial de assistência,3.89,3.7,0.19,3.51,0.77,0.0,5.59,5.21,2.73,0.74,0.29,n2,n3,n1,1795
408034,associação policial de assistência,2.65,1.36,1.29,2.31,0.84,0.01,3.91,3.57,1.46,0.75,0.3,n2,n2,n1,1466
408522,santa casa da misericórdia de são ,33.85,12.71,21.13,33.85,10.97,19.3,45.71,44.18,3.58,0.89,16.04,n3,n4,n5,2678
408794,associação policial de assistência,14.84,13.0,1.84,14.84,6.65,0.0,22.4,23.13,8.2,6.31,1.06,n3,n4,n2,5770
408883,centro médico fátima ltda         ,9.25,8.7,0.55,9.25,7.14,0.57,11.33,12.7,1.54,2.58,0.79,n2,n4,n1,5012
409243,saude pas - medicina e odonto     ,25.76,22.87,2.89,24.74,21.57,0.5,108.16,107.14,2.67,18.71,2.54,n3,n5,n3,24074
409286,g & m assessoria medica empresaria,1.8,1.1,0.7,1.8,0.44,0.08,1.92,1.52,1.28,0.32,0.08,n2,n2,n1,680
409405,associação policial de assistência,2.06,1.93,0.13,2.06,0.47,0.0,3.31,2.97,1.58,0.42,0.16,n2,n2,n1,1631
409413,associação policial de assistência,16.49,14.99,1.5,16.37,1.75,0.0,9.25,9.14,14.62,1.64,0.36,n3,n3,n1,2750
409464,ameno assistência médica s/s ltda.,9.15,3.67,5.48,9.15,5.24,0.13,15.04,14.99,3.77,2.89,0.72,n2,n4,n1,5505
409634,associacao civil pró-saúde dos ser,3.85,3.53,0.31,3.05,0.93,0.0,7.75,6.94,2.11,0.87,0.12,n2,n3,n1,900
410047,saude - sistema assistencial unifi,31.16,15.98,15.18,31.16,16.6,5.06,69.33,71.25,9.49,8.99,1.45,n3,n4,n2,30872
410128,associação policial de assistência,14.28,11.83,2.45,14.28,5.11,0.16,25.75,27.82,9.01,4.66,0.88,n3,n4,n1,7033
410292,fundacao leonor de barros camargo ,163.49,113.45,50.04,163.49,22.73,0.96,213.76,207.43,139.8,12.21,27.51,n4,n5,n5,22176
410608,associacao policial de assistencia,9.55,5.94,3.62,9.58,1.01,0.05,9.63,9.65,8.52,0.85,0.68,n2,n3,n1,4145
410624,confiança assistência médico hospi,8.51,4.69,3.82,8.51,2.6,0.92,11.52,11.29,4.99,1.51,0.65,n2,n4,n1,10881
410632,promed assistência médica ltda    ,23.96,12.51,11.45,22.59,6.84,2.35,89.32,87.52,13.4,6.13,2.11,n3,n4,n3,56438
410888,filosanitas saude ltda            ,5.04,3.28,1.75,5.04,1.86,0.52,13.5,12.94,2.66,1.36,0.54,n2,n4,n1,5415
411256,plano hospital samaritano ltda    ,78.26,39.04,39.22,62.33,22.94,18.18,219.65,203.62,21.2,17.39,1.98,n4,n5,n2,83219
411582,plano de saude ases ltda.         ,22.19,16.18,6.01,22.19,12.12,2.48,54.81,51.37,7.59,6.83,0.96,n3,n4,n1,17320
411752,associação assistencial de saúde s,69.64,67.65,1.99,69.64,32.11,0.47,196.9,187.47,37.06,30.42,3.9,n4,n5,n3,47309
411868,extremamedic planos de saúde ltda ,2.78,2.52,0.26,2.34,0.94,0.12,6.16,5.52,1.29,0.84,0.14,n2,n3,n1,4521
412015,mh vida - operadora de planos de s,3.88,2.91,0.97,3.88,2.63,0.3,8.18,8.24,0.95,2.24,0.51,n2,n3,n1,3972
412058,sbc saúde ltda.                   ,16.35,16.26,0.1,16.35,7.72,0.04,46.51,43.06,8.6,7.05,0.75,n3,n4,n1,5414
412228,policon assistencia médica ltda - ,1.65,1.3,0.35,1.65,1.02,0.16,2.52,2.6,0.48,0.64,0.15,n2,n2,n1,1809
412252,tuiuiu administradores de plano de,11.8,11.19,0.61,11.8,6.73,0.16,29.1,26.47,4.91,5.88,2.03,n3,n4,n3,11630
412295,caixa de assistência à saude dos e,40.48,38.6,1.88,32.95,8.7,0.04,39.27,31.74,24.21,7.22,0.21,n3,n4,n1,4692
412538,unihosp serviços de saúde eireli  ,51.2,41.77,9.44,51.2,26.61,3.34,153.04,132.84,21.25,23.4,3.29,n4,n5,n3,37672
412759,terramar administradora de plano d,21.89,8.95,12.94,21.59,8.6,3.54,34.91,34.12,9.45,6.62,1.3,n3,n4,n2,26212
413160,gs plano global de saúde ltda     ,23.58,17.27,6.31,23.58,13.4,0.81,54.59,52.08,9.37,7.54,1.05,n3,n4,n2,13618
413194,santa rita sistema de saude ltda  ,43.71,14.39,29.32,43.71,14.8,1.46,58.64,58.63,27.45,11.95,0.63,n3,n4,n1,31556
413275,clinica são josé saude ltda.      ,51.02,47.38,3.64,51.02,20.17,0.22,125.73,111.72,30.63,15.77,2.44,n4,n5,n3,45100
413291,cgo saúde - operadora de planos de,8.73,7.19,1.54,8.73,4.99,0.41,22.13,20.78,3.33,3.83,1.73,n2,n4,n2,14920
413330,amep freguesia operadora de plano ,16.63,14.09,2.54,16.63,9.11,0.32,44.64,42.76,7.19,8.49,0.96,n3,n4,n1,25717
413372,sociedade portuguesa de beneficênc,66.23,21.97,44.26,62.98,16.99,33.73,84.85,81.6,12.26,2.79,1.57,n4,n4,n2,6418
413534,caixa de assistencia dos servidore,413.03,180.83,232.19,413.03,143.56,89.65,679.51,658.76,179.82,79.74,9.82,n4,n5,n4,212794
413721,sociedade beneficente dezoito de j,6.31,5.5,0.81,6.31,3.15,0.4,17.16,16.55,2.76,1.94,0.3,n2,n4,n1,5692
413755,econlife saude ltda               ,2.15,1.59,0.56,2.2,1.06,0.06,0.45,0.5,1.08,0.14,0.09,n2,n1,n1,44
414026,caixa beneficente dos funcionários,8.14,7.96,0.18,8.92,0.56,0.0,4.78,5.56,8.36,0.38,0.42,n2,n2,n1,2026
414131,rn metropolitan ltda              ,49.75,39.64,10.1,46.15,24.25,5.12,127.18,122.49,16.78,18.12,6.71,n3,n5,n4,49493
414212,associação policial de assistência,10.2,8.41,1.79,11.18,2.43,0.0,15.91,16.89,8.74,2.31,0.37,n3,n4,n1,4275
414298,ecole serviços médicos ltda       ,30.53,24.99,5.54,30.53,17.29,2.2,69.29,66.92,11.04,15.45,1.81,n3,n4,n2,47938
414310,saúde brb - caixa de assistência  ,113.59,83.34,30.25,113.59,10.57,0.03,91.76,87.3,102.98,8.49,2.83,n4,n4,n3,9908
414352,hbc saúde ltda.                   ,24.83,16.94,7.89,24.16,15.37,0.01,62.44,61.58,8.77,13.57,1.83,n3,n4,n2,26492
414450,jardim américa saúde ltda.        ,63.26,18.84,44.42,62.16,14.87,7.6,192.32,190.57,39.68,12.92,6.99,n4,n5,n4,108254
414492,life empresarial saúde ltda.      ,123.15,55.18,67.97,123.15,38.65,1.31,225.31,216.77,83.19,32.37,13.38,n4,n5,n5,32599
414573,unimed centro paulista - federação,40.06,29.41,10.65,40.06,10.09,2.67,31.05,28.42,27.3,8.99,1.44,n3,n4,n2,713
414581,união médica - cooperativa de trab,20.63,14.58,6.05,20.63,32.84,4.0,81.05,93.43,-16.21,26.46,2.05,n3,n4,n3,29956
414689,fundo de assistência à saúde dos f,7.52,6.96,0.56,6.72,1.28,0.05,8.78,7.98,5.38,1.18,0.06,n2,n3,n1,979
414905,vita assistência a saúde ltda.    ,4.42,4.3,0.12,4.42,2.96,0.01,11.63,12.89,1.45,2.59,0.36,n2,n4,n1,5291
414930,saúde santa tereza ltda.          ,18.07,14.91,3.16,18.07,9.51,0.59,66.66,65.81,7.97,7.55,1.79,n3,n4,n2,21581
415014,unimed de itatiba cooperativa de t,23.22,15.42,7.8,23.22,9.64,3.14,60.54,56.35,10.44,5.17,1.68,n3,n4,n2,18114
415111,biovida saúde ltda.               ,84.07,55.44,28.63,70.32,39.13,4.22,318.41,295.99,26.96,36.1,0.1,n4,n5,n1,128517
415693,policlin saúde s/a.               ,38.83,24.55,14.28,38.83,14.95,0.27,132.12,124.14,23.61,6.77,2.57,n3,n5,n3,41615
415847,assistência médico-hospitalar ltda,7.04,4.76,2.28,12.41,7.05,0.0,38.99,30.98,5.36,3.44,2.3,n2,n4,n3,20983
415898,sociedade benecap de assistência à,1.62,0.6,1.01,1.63,0.61,0.01,2.31,2.33,1.01,0.27,0.71,n2,n2,n1,404
415901,same-serviço de assistência médica,2.63,1.59,1.03,2.64,0.5,0.02,3.01,2.84,2.13,0.42,0.21,n2,n2,n1,4975
415910,centro de endocrinologia de jundia,1.96,0.56,1.39,2.23,0.76,0.23,2.82,3.08,1.24,0.64,0.11,n2,n2,n1,738
415944,clínica são gabriel s/s ltda      ,2.31,0.13,2.18,2.31,0.13,0.0,0.54,0.45,2.18,0.06,0.08,n2,n1,n1,1436
416282,e.x.m brasil saúde ltda-me        ,6.61,5.91,0.71,6.61,3.95,1.21,13.27,12.12,1.45,1.22,0.69,n2,n4,n1,3793
416398,hospitais e clínicas do piauí s/s ,41.11,29.25,11.86,41.11,17.05,1.39,65.61,59.08,22.67,14.04,0.76,n3,n4,n1,25227
416401,caixa de assistência  dos empregad,58.7,58.54,0.15,35.61,20.51,0.0,137.4,114.31,15.1,19.03,2.55,n4,n5,n3,24356
416428,sul américa serviços de saúde s.a.,666.4,598.87,67.54,666.4,304.31,15.37,1916.96,1878.43,346.72,244.99,9.85,n4,n6,n4,360532
416495,matão clinicas & amhma saúde ltda ,8.81,6.56,2.26,8.81,3.69,0.18,30.6,30.32,4.94,2.63,0.91,n2,n4,n1,14336
416568,associação de assistência à saúde ,52.88,48.39,4.5,52.88,14.92,1.1,137.25,134.18,36.87,13.18,2.99,n4,n5,n3,43313
416576,unimed piaui federação das coopera,6.07,4.53,1.54,6.07,7.48,0.0,22.64,27.27,-1.41,7.45,0.13,n2,n4,n1,5085
416584,associação fundo de proteção à saú,10.83,9.74,1.09,10.83,3.71,0.07,21.9,19.16,7.04,3.52,0.55,n3,n4,n1,19608
416690,associação de assistência à saúde ,65.64,56.08,9.56,65.64,10.9,0.78,46.76,38.64,53.97,9.19,2.3,n4,n4,n3,7209
417092,central operadora de planos de saú,30.94,7.8,23.14,30.94,6.24,2.23,61.07,59.56,22.46,0.64,7.99,n3,n4,n4,1378
417297,elosaúde - associação de assistênc,40.3,18.8,21.51,40.3,9.75,20.23,25.68,29.95,10.33,4.29,2.21,n3,n4,n3,9360
417475,pronto socorro conde de moreira li,3.36,1.58,1.78,3.23,0.36,0.18,1.09,0.94,2.69,0.15,0.11,n2,n2,n1,54
417505,cemig saúde                       ,321.48,295.61,25.87,321.48,96.33,21.26,389.1,389.17,203.88,88.22,11.03,n4,n5,n5,59022
417530,associação de saúde portuguesa de ,54.79,37.59,17.2,54.79,29.42,10.78,241.92,233.18,14.58,18.26,0.05,n4,n5,n1,63735
417548,caixa de assistência oswaldo cruz ,31.85,25.67,6.18,31.85,26.17,6.32,119.68,121.73,-0.64,21.09,5.15,n3,n5,n4,14619
417599,associaçao dos funcionarios public,285.23,37.29,247.95,277.41,97.69,39.37,170.46,162.64,140.36,29.4,12.52,n4,n5,n5,20487
417661,caixa de assistência à saúde do si,29.32,29.11,0.22,29.32,4.8,1.86,52.0,43.53,22.67,4.01,1.78,n3,n4,n2,4319
417823,premium saúde eireli - me         ,14.54,13.61,0.93,14.54,9.21,0.33,22.33,20.65,5.01,4.13,1.57,n3,n4,n2,41655
417947,associação da santa casa saúde de ,28.61,25.37,3.23,28.61,13.17,0.07,70.96,70.07,15.36,11.69,0.15,n3,n4,n1,25466
418021,associação do plano de saúde da sa,88.18,40.71,47.48,88.18,29.12,0.06,292.05,289.56,59.0,25.52,3.7,n4,n5,n3,83550
418072,caixa seguradora especializada em ,1061.29,1031.22,30.07,1061.29,74.74,3.57,469.33,428.18,982.97,40.63,2.89,n4,n5,n3,19650
418137,unix - saúde ltda                 ,10.27,6.16,4.11,8.91,4.59,0.92,24.93,23.17,3.39,3.26,2.13,n3,n4,n3,9890
418170,quallity saúde assistência médica ,24.57,24.01,0.57,24.57,19.1,1.11,91.28,90.91,4.36,17.96,2.11,n3,n4,n3,35027
418226,oplan saúde operadora de plano de ,2.56,1.8,0.76,2.56,0.88,0.0,5.06,4.62,1.67,0.68,0.08,n2,n3,n1,3159
418285,fundação fiat saúde e bem estar   ,45.55,37.4,8.14,45.55,18.75,7.74,116.91,117.29,19.05,10.78,4.22,n3,n5,n3,42011
418374,caixa de assistência do setor elét,102.49,91.96,10.53,102.49,18.27,0.54,164.42,162.7,83.67,15.42,6.82,n4,n5,n4,17522
418501,fundação plamhuv - plano médico ho,7.27,6.44,0.83,7.27,2.27,0.06,13.16,11.34,4.93,1.97,0.89,n2,n4,n1,5576
418587,amha saude s/a                    ,34.33,33.78,0.55,34.33,6.24,5.34,94.7,86.02,22.75,3.81,0.69,n3,n4,n1,20630
418617,associação paranaense de assistênc,21.66,20.69,0.97,21.66,2.34,0.1,10.4,7.79,19.22,2.17,0.34,n3,n4,n1,2882
418749,cedplan saúde ltda me             ,3.19,1.25,1.94,3.19,1.77,0.57,1.91,2.24,0.84,0.24,0.24,n2,n2,n1,3604
418781,saude casseb assistencia medica lt,9.84,6.67,3.17,9.72,6.58,0.14,39.69,39.5,3.0,5.5,0.72,n2,n4,n1,14006
418803,associação santa casa saúde de ara,26.18,19.61,6.57,26.18,12.59,0.13,62.46,60.83,13.47,9.94,2.31,n3,n4,n3,17899
418820,caixa de assistência aos membros d,41.21,39.89,1.32,41.21,7.38,0.12,35.48,33.31,33.71,6.89,1.14,n3,n4,n2,2526
418854,associação metropolitana de assist,17.65,5.1,12.55,17.65,24.86,2.82,36.08,37.74,-10.03,10.17,2.75,n3,n4,n3,12569
418919,associação saúde são josé         ,7.78,7.09,0.69,7.78,5.47,0.54,26.05,23.88,1.78,4.82,1.03,n2,n4,n2,12370
419010,instituto curitiba de saúde       ,100.98,86.36,14.61,100.98,47.91,1.23,202.75,220.93,51.84,41.81,4.06,n4,n5,n3,74556
419133,postal saúde caixa de assistência ,638.97,615.27,23.7,638.97,493.88,138.11,1862.19,1874.94,6.97,466.61,34.17,n4,n6,n5,369331
419141,associação são francisco vida     ,19.43,12.38,7.05,19.43,7.56,1.15,74.11,71.64,10.71,5.52,1.35,n3,n4,n2,27545
419150,associação mais saúde santa casa d,23.23,17.55,5.68,23.23,8.09,0.85,56.63,49.43,14.29,6.92,1.97,n3,n4,n2,16092
419168,coopus planos de saúde ltda       ,22.82,12.52,10.29,22.82,18.82,1.99,50.92,54.06,2.0,10.53,1.84,n3,n4,n2,18047
419249,associação santa casa saúde de são,41.45,36.87,4.58,41.45,22.03,0.72,203.47,191.11,18.7,12.51,4.61,n3,n5,n3,66983
419320,medical rio assistência médica ltd,4.71,4.62,0.09,4.71,12.05,0.44,44.14,46.18,-7.77,10.43,0.72,n2,n4,n1,13795
419338,santa casa de misericordia de pont,53.51,25.45,28.06,55.44,38.34,18.72,142.34,144.27,-1.62,8.89,0.86,n4,n5,n1,23264
419427,instituição beneficente cel massot,36.82,13.0,23.82,27.79,9.97,14.9,67.62,58.59,2.93,1.87,3.46,n3,n4,n3,40420
419486,pladisa planos de saúde ltda      ,5.0,3.24,1.76,5.0,1.8,0.9,8.58,8.26,2.3,1.12,0.41,n2,n3,n1,6125
419699,operadora de planos privados de sa,1.98,1.93,0.05,1.83,1.25,0.0,7.97,7.77,0.58,1.11,0.22,n2,n3,n1,3601
419753,medgold assistencia medica ltda - ,1.75,1.12,0.63,1.75,0.77,0.23,3.63,3.43,0.75,0.41,0.3,n2,n2,n1,2625
419834,halsa operadora de medicina de gru,3.36,1.51,1.85,3.36,1.41,1.0,4.97,5.19,0.95,0.61,0.29,n2,n2,n1,5748
419958,associação plano de saúde santa ca,11.39,9.36,2.03,7.79,4.14,0.0,29.25,25.65,3.66,3.45,0.49,n3,n4,n1,7800
420069,eco saúde plano empresarial ltda -,3.17,1.75,1.42,3.17,1.68,0.7,5.44,4.95,0.8,0.6,0.32,n2,n3,n1,2946
420077,serviço social da indústria do pap,160.12,83.68,76.44,145.06,60.38,25.14,467.48,452.42,59.55,9.84,9.53,n4,n5,n4,65072
420123,associação univida santa rita do p,3.4,2.98,0.42,3.4,1.18,0.05,5.58,4.62,2.18,1.06,0.35,n2,n3,n1,2476
420158,associação padre albino saúde     ,27.99,22.6,5.39,20.37,11.1,3.21,55.73,48.11,6.06,6.58,1.9,n3,n4,n2,17318
420166,plano de saúde da santa casa de br,31.17,25.34,5.83,31.17,9.86,0.04,93.49,85.32,21.27,6.86,1.39,n3,n4,n2,28601
420204,green life plus planos médicos ltd,4.07,1.98,2.09,4.07,1.84,0.2,8.81,8.13,2.04,1.24,0.14,n2,n3,n1,6876
420751,ideal saúde assistência médica amb,2.2,2.06,0.13,2.2,1.97,0.11,8.78,11.23,0.12,1.36,0.76,n2,n3,n1,8167
420841,interclínicas do brasil assistenci,2.61,2.57,0.04,2.61,0.55,0.0,1.88,1.5,2.06,0.18,0.23,n2,n2,n1,480
420930,hospital de caridade são vicente d,50.13,11.0,39.13,50.13,10.68,16.63,45.07,48.76,22.83,0.01,16.37,n4,n4,n5,91
421341,caixa de assistência à saúde dos s,112.13,11.43,100.69,112.13,10.07,0.17,59.65,51.64,101.89,4.78,2.25,n4,n4,n3,7230
